,reg_code,reg_name,AR6WG1_R58x,GFED_R14x,Global,GLOBIOM_R30,GLOBIOM_R37,IAMC_R10,IAMC_R5,IAMC_R9,MESSAGE_R11,MESSAGE_R12,RECCAP_R18x,Resolution_0p125deg,Resolution_0p25deg,Resolution_0p5deg,Resolution_1deg,Resolution_2deg,Resolution_2p5deg,SREX_R26x
0,XXX,Unknown,XXX,XXXX,XXX,ROWO,ROWO,ROWO,ROWO,ROWO,ROWO,ROWO,XXX,XXX,XXX,XXX,XXX,XXX,XXX,XXX
1,ABW,Aruba,CAR,XXXX,XXL,RCAM,RCAM,LATIN_AM,LAM,LAM,LAM,LAM,XXX,ABW,ABW,ABW,ABW,ABW,ABW,XXX
2,AFG,Afghanistan,WCA,MIDE,XXL,RSAS,RSAS,INDIA+,ASIA,OTHERASIA,SAS,SAS,SAS,AFG,AFG,AFG,AFG,AFG,AFG,CAS
3,AGO,Angola,WSAF,SHAF,XXL,RoSAfr,RoSAfr,AFRICA,MAF,MAF,AFR,AFR,SAF,AGO,AGO,AGO,AGO,AGO,AGO,SAF
4,AIA,Anguilla,CAR,XXXX,XXL,ROWO,ROWO,ROWO,ROWO,ROWO,LAM,LAM,XXX,AIA,AIA,AIA,AIA,XXX,XXX,XXX
5,ALA,Aland,NEU,EURO,XXL,ROWO,ROWO,ROWO,ROWO,ROWO,WEU,WEU,XXX,ALA,ALA,ALA,ALA,ALA,ALA,NEU
6,ALB,Albania,MED,EURO,XXL,RCEU,RCEU,EUROPE,OECD90+EU,OTHEROECD,EEU,EEU,EU,ALB,ALB,ALB,ALB,ALB,ALB,MED
7,AND,Andorra,MED,EURO,XXL,ROWO,ROWO,ROWO,ROWO,ROWO,WEU,WEU,EU,AND,AND,AND,XXX,XXX,AND,MED
8,ARE,United Arab Emirates,ARP,MIDE,XXL,MidEastNAfr,MidEast,MIDDLE_EAST,MAF,MAF,MEA,MEA,MIDE,ARE,ARE,ARE,ARE,ARE,ARE,WAS
9,ARG,Argentina,SES,SHSA,XXL,RSAM,ARG,LATIN_AM,LAM,LAM,LAM,LAM,SSA,ARG,ARG,ARG,ARG,ARG,ARG,SSA
10,ARM,Armenia,WCA,CEAS,XXL,Former_USSR,RFSU,REF_ECON,REF,REF,FSU,FSU,MIDE,ARM,ARM,ARM,ARM,ARM,ARM,WAS
11,ASM,American Samoa,SPO,XXXX,XXL,ROWO,ROWO,ROWO,ROWO,ROWO,PAS,PAS,XXX,ASM,ASM,ASM,ASM,ASM,ASM,XXX
12,ATA,Antarctica,EAN,XXXX,XXX,ROWO,ROWO,ROWO,ROWO,ROWO,ROWO,ROWO,XXX,ATA,ATA,ATA,ATA,ATA,ATA,XXX
13,ATF,French Southern Territories,SOO,XXXX,XXL,ROWO,ROWO,ROWO,ROWO,ROWO,ROWO,ROWO,XXX,ATF,ATF,ATF,ATF,ATF,ATF,XXX
14,ATG,Antigua and Barbuda,CAR,XXXX,XXL,ROWO,ROWO,LATIN_AM,LAM,LAM,LAM,LAM,XXX,ATG,ATG,ATG,ATG,ATG,ATG,XXX
15,AU-01,Australia - North East,EAU,AUST,XXL,ANZ,AUS,PAC_OECD,OECD90+EU,OTHEROECD,PAO,PAO,OCE,AU-01,AU-01,AU-01,AU-01,AU-01,AU-01,NAU
16,AU-02,Australia - Central East,EAU,AUST,XXL,ANZ,AUS,PAC_OECD,OECD90+EU,OTHEROECD,PAO,PAO,OCE,AU-02,AU-02,AU-02,AU-02,AU-02,AU-02,SAU
17,AU-03,Australia - South East,SAU,AUST,XXL,ANZ,AUS,PAC_OECD,OECD90+EU,OTHEROECD,PAO,PAO,OCE,AU-03,AU-03,AU-03,AU-03,AU-03,AU-03,SAU
18,AU-WA,Western Australia,CAU,AUST,XXL,ANZ,AUS,PAC_OECD,OECD90+EU,OTHEROECD,PAO,PAO,OCE,AU-WA,AU-WA,AU-WA,AU-WA,AU-WA,AU-WA,NAU
19,AUS,Australia,XXX,AUST,XXL,ANZ,AUS,PAC_OECD,OECD90+EU,OTHEROECD,PAO,PAO,OCE,XXX,XXX,XXX,XXX,XXX,XXX,XXX
20,AUT,Austria,WCE,EURO,XXL,EU_MidWest,EU_MidWest,EUROPE,OECD90+EU,EU,WEU,WEU,EU,AUT,AUT,AUT,AUT,AUT,AUT,CEU
21,AZE,Azerbaijan,WCA,CEAS,XXL,Former_USSR,RFSU,REF_ECON,REF,REF,FSU,FSU,MIDE,AZE,AZE,AZE,AZE,AZE,AZE,WAS
22,BDI,Burundi,SEAF,SHAF,XXL,EastAfr,EastAfr,AFRICA,MAF,MAF,AFR,AFR,EQAF,BDI,BDI,BDI,BDI,BDI,BDI,EAF
23,BEL,Belgium,WCE,EURO,XXL,EU_MidWest,EU_MidWest,EUROPE,OECD90+EU,EU,WEU,WEU,EU,BEL,BEL,BEL,BEL,BEL,BEL,CEU
24,BEN,Benin,WAF,NHAF,XXL,WestCentAfr,WestCentAfr,AFRICA,MAF,MAF,AFR,AFR,EQAF,BEN,BEN,BEN,BEN,BEN,BEN,WAF
25,BES,"Bonaire, Sint Eustatius and Saba",CAR,NHSA,XXL,RCAM,RCAM,ROWO,ROWO,ROWO,LAM,LAM,XXX,BES,BES,BES,BES,BES,BES,XXX
26,BFA,Burkina Faso,WAF,NHAF,XXL,WestCentAfr,WestCentAfr,AFRICA,MAF,MAF,AFR,AFR,EQAF,BFA,BFA,BFA,BFA,BFA,BFA,WAF
27,BGD,Bangladesh,SAS,SEAS,XXL,RSAS,RSAS,INDIA+,ASIA,OTHERASIA,SAS,SAS,SAS,BGD,BGD,BGD,BGD,BGD,BGD,SAS
28,BGR,Bulgaria,MED,EURO,XXL,EU_CentEast,EU_CentEast,EUROPE,OECD90+EU,EU,EEU,EEU,EU,BGR,BGR,BGR,BGR,BGR,BGR,MED
29,BHR,Bahrain,ARP,XXXX,XXL,MidEastNAfr,MidEast,MIDDLE_EAST,MAF,MAF,MEA,MEA,XXX,BHR,BHR,BHR,BHR,BHR,XXX,WAS
30,BHS,Bahamas,CAR,CEAM,XXL,RCAM,RCAM,LATIN_AM,LAM,LAM,LAM,LAM,CAM,BHS,BHS,BHS,BHS,BHS,BHS,ENA
31,BIH,Bosnia and Herzegovina,MED,EURO,XXL,RCEU,RCEU,EUROPE,OECD90+EU,OTHEROECD,EEU,EEU,EU,BIH,BIH,BIH,BIH,BIH,BIH,MED
32,BLM,Saint Barthelemy,CAR,XXXX,XXL,ROWO,ROWO,ROWO,ROWO,ROWO,WEU,WEU,XXX,XXX,XXX,XXX,XXX,XXX,XXX,XXX
33,BLR,Belarus,WCE,CEAS,XXL,Former_USSR,RFSU,REF_ECON,REF,REF,FSU,FSU,EU,BLR,BLR,BLR,BLR,BLR,BLR,CEU
34,BLZ,Belize,SCA,CEAM,XXL,RCAM,RCAM,LATIN_AM,LAM,LAM,LAM,LAM,CAM,BLZ,BLZ,BLZ,BLZ,BLZ,BLZ,CAM
35,BMU,Bermuda,NAO,XXXX,XXL,RCAM,RCAM,ROWO,ROWO,ROWO,LAM,LAM,XXX,BMU,BMU,XXX,XXX,XXX,XXX,ENA
36,BOL,Bolivia,SAM,SHSA,XXL,RSAM,RSAM,LATIN_AM,LAM,LAM,LAM,LAM,SSA,BOL,BOL,BOL,BOL,BOL,BOL,AMZ
37,BR-01,Brazil - North,NSA,SHSA,XXL,BRA,BRA,LATIN_AM,LAM,LAM,LAM,LAM,BRA,BR-01,BR-01,BR-01,BR-01,BR-01,BR-01,AMZ
38,BR-02,Brazil - Northeast,NES,SHSA,XXL,BRA,BRA,LATIN_AM,LAM,LAM,LAM,LAM,BRA,BR-02,BR-02,BR-02,BR-02,BR-02,BR-02,NEB
39,BR-03,Brazil - Central West,SAM,SHSA,XXL,BRA,BRA,LATIN_AM,LAM,LAM,LAM,LAM,BRA,BR-03,BR-03,BR-03,BR-03,BR-03,BR-03,AMZ
40,BR-04,Brazil - Southeast,NES,SHSA,XXL,BRA,BRA,LATIN_AM,LAM,LAM,LAM,LAM,BRA,BR-04,BR-04,BR-04,BR-04,BR-04,BR-04,NEB
41,BR-05,Brazil - South,SES,SHSA,XXL,BRA,BRA,LATIN_AM,LAM,LAM,LAM,LAM,BRA,BR-05,BR-05,BR-05,BR-05,BR-05,BR-05,SSA
42,BRA,Brazil,XXX,SHSA,XXL,BRA,BRA,LATIN_AM,LAM,LAM,LAM,LAM,BRA,XXX,XXX,XXX,XXX,XXX,XXX,XXX
43,BRB,Barbados,CAR,CEAM,XXL,RCAM,RCAM,LATIN_AM,LAM,LAM,LAM,LAM,XXX,BRB,BRB,BRB,XXX,XXX,XXX,XXX
44,BRN,Brunei,SEA,EQAS,XXL,RSEA_OPA,RSEA_OPA,REST_ASIA,ASIA,OTHERASIA,PAS,PAS,SEAS,BRN,BRN,BRN,BRN,XXX,BRN,SEA
45,BTN,Bhutan,TIB,SEAS,XXL,RSAS,RSAS,INDIA+,ASIA,OTHERASIA,SAS,SAS,SAS,BTN,BTN,BTN,BTN,BTN,BTN,SAS
46,BVT,Bouvet Island,SOO,XXXX,XXL,ROWO,ROWO,ROWO,ROWO,ROWO,ROWO,ROWO,XXX,BVT,XXX,XXX,XXX,XXX,XXX,XXX
47,BWA,Botswana,WSAF,SHAF,XXL,RoSAfr,RoSAfr,AFRICA,MAF,MAF,AFR,AFR,SAF,BWA,BWA,BWA,BWA,BWA,BWA,SAF
48,CA-01,Canada - Atlantic,ENA,BONA,XXL,CAN,CAN,NORTH_AM,OECD90+EU,OTHEROECD,NAM,NAM,CAN,CA-01,CA-01,CA-01,CA-01,CA-01,CA-01,ENA
49,CA-02,Canada - Prairies,NWN,BONA,XXL,CAN,CAN,NORTH_AM,OECD90+EU,OTHEROECD,NAM,NAM,CAN,CA-02,CA-02,CA-02,CA-02,CA-02,CA-02,WNA
50,CA-03,Canada - Territories,NWN,BONA,XXL,CAN,CAN,NORTH_AM,OECD90+EU,OTHEROECD,NAM,NAM,CAN,CA-03,CA-03,CA-03,CA-03,CA-03,CA-03,ALA
51,CA-BC,British Columbia,NWN,BONA,XXL,CAN,CAN,NORTH_AM,OECD90+EU,OTHEROECD,NAM,NAM,CAN,CA-BC,CA-BC,CA-BC,CA-BC,CA-BC,CA-BC,WNA
52,CA-ON,Ontario,ENA,BONA,XXL,CAN,CAN,NORTH_AM,OECD90+EU,OTHEROECD,NAM,NAM,CAN,CA-ON,CA-ON,CA-ON,CA-ON,CA-ON,CA-ON,ENA
53,CA-QC,Quebec,NEN,BONA,XXL,CAN,CAN,NORTH_AM,OECD90+EU,OTHEROECD,NAM,NAM,CAN,CA-QC,CA-QC,CA-QC,CA-QC,CA-QC,CA-QC,ENA
54,CAF,Central African Republic,CAF,NHAF,XXL,Congo_Basin,Congo_Basin,AFRICA,MAF,MAF,AFR,AFR,EQAF,CAF,CAF,CAF,CAF,CAF,CAF,WAF
55,CAN,Canada,XXX,BONA,XXL,CAN,CAN,NORTH_AM,OECD90+EU,OTHEROECD,NAM,NAM,CAN,XXX,XXX,XXX,XXX,XXX,XXX,XXX
56,CCK,Cocos Islands,SIO,XXXX,XXL,ROWO,ROWO,ROWO,ROWO,ROWO,PAS,PAS,XXX,CCK,CCK,CCK,CCK,CCK,XXX,XXX
57,CHE,Switzerland,WCE,EURO,XXL,ROWE,ROWE,EUROPE,OECD90+EU,OTHEROECD,WEU,WEU,EU,CHE,CHE,CHE,CHE,CHE,CHE,CEU
58,CHL,Chile,SWS,SHSA,XXL,RSAM,RSAM,LATIN_AM,LAM,LAM,LAM,LAM,SSA,CHL,CHL,CHL,CHL,CHL,CHL,WSA
59,CHN,China,XXX,CEAS,XXL,CHN,CHN,CHINA+,ASIA,CHINA,CPA,CHN,CHN,XXX,XXX,XXX,XXX,XXX,XXX,XXX
60,CIV,Ivory Coast,WAF,NHAF,XXL,WestCentAfr,WestCentAfr,AFRICA,MAF,MAF,AFR,AFR,EQAF,CIV,CIV,CIV,CIV,CIV,CIV,WAF
61,CMR,Cameroon,CAF,NHAF,XXL,Congo_Basin,Congo_Basin,AFRICA,MAF,MAF,AFR,AFR,EQAF,CMR,CMR,CMR,CMR,CMR,CMR,WAF
62,CN-01,Mainland China - Northeast,ECA,CEAS,XXL,CHN,CHN,CHINA+,ASIA,CHINA,CPA,CHN,CHN,CN-01,CN-01,CN-01,CN-01,CN-01,CN-01,EAS
63,CN-02,Mainland China - North,ESB,CEAS,XXL,CHN,CHN,CHINA+,ASIA,CHINA,CPA,CHN,CHN,CN-02,CN-02,CN-02,CN-02,CN-02,CN-02,EAS
64,CN-03,Mainland China - East,EAS,CEAS,XXL,CHN,CHN,CHINA+,ASIA,CHINA,CPA,CHN,CHN,CN-03,CN-03,CN-03,CN-03,CN-03,CN-03,EAS
65,CN-04,Mainland China - South Central,EAS,CEAS,XXL,CHN,CHN,CHINA+,ASIA,CHINA,CPA,CHN,CHN,CN-04,CN-04,CN-04,CN-04,CN-04,CN-04,EAS
66,CN-05,Mainland China - Northwest,TIB,CEAS,XXL,CHN,CHN,CHINA+,ASIA,CHINA,CPA,CHN,CHN,CN-05,CN-05,CN-05,CN-05,CN-05,CN-05,TIB
67,CN-06,Mainland China - Southwest,ECA,CEAS,XXL,CHN,CHN,CHINA+,ASIA,CHINA,CPA,CHN,CHN,CN-06,CN-06,CN-06,CN-06,CN-06,CN-06,TIB
68,COD,DR Congo,CAF,SHAF,XXL,Congo_Basin,Congo_Basin,AFRICA,MAF,MAF,AFR,AFR,EQAF,COD,COD,COD,COD,COD,COD,EAF
69,COG,Congo,CAF,SHAF,XXL,Congo_Basin,Congo_Basin,AFRICA,MAF,MAF,AFR,AFR,EQAF,COG,COG,COG,COG,COG,COG,WAF
70,COK,Cook Islands,SPO,XXXX,XXL,ROWO,ROWO,REST_ASIA,ASIA,OTHERASIA,PAS,PAS,XXX,COK,COK,COK,COK,COK,COK,XXX
71,COL,Colombia,NWS,NHSA,XXL,RSAM,RSAM,LATIN_AM,LAM,LAM,LAM,LAM,NSA,COL,COL,COL,COL,COL,COL,AMZ
72,COM,Comoros,ESAF,SHAF,XXL,RoSAfr,RoSAfr,AFRICA,MAF,MAF,AFR,AFR,XXX,COM,COM,COM,COM,COM,XXX,SAF
73,CPV,Cabo Verde,NAO,XXXX,XXL,WestCentAfr,WestCentAfr,AFRICA,MAF,MAF,AFR,AFR,XXX,CPV,CPV,CPV,CPV,CPV,CPV,XXX
74,CRI,Costa Rica,SCA,CEAM,XXL,RCAM,RCAM,LATIN_AM,LAM,LAM,LAM,LAM,CAM,CRI,CRI,CRI,CRI,CRI,CRI,CAM
75,CUB,Cuba,CAR,CEAM,XXL,RCAM,RCAM,LATIN_AM,LAM,LAM,LAM,LAM,CAM,CUB,CUB,CUB,CUB,CUB,CUB,CAM
76,CUW,Curacao,CAR,CEAM,XXL,RCAM,RCAM,LATIN_AM,LAM,LAM,LAM,LAM,XXX,CUW,CUW,CUW,CUW,CUW,XXX,XXX
77,CXR,Christmas Island,SIO,XXXX,XXL,ROWO,ROWO,ROWO,ROWO,ROWO,PAO,PAO,XXX,CXR,CXR,CXR,XXX,XXX,XXX,XXX
78,CYM,Cayman Islands,CAR,CEAM,XXL,ROWO,ROWO,ROWO,ROWO,ROWO,LAM,LAM,XXX,CYM,CYM,CYM,CYM,CYM,CYM,CAM
79,CYP,Cyprus,MED,EURO,XXL,EU_South,EU_South,EUROPE,OECD90+EU,EU,WEU,WEU,EU,CYP,CYP,CYP,CYP,CYP,CYP,MED
80,CZE,Czechia,WCE,EURO,XXL,EU_CentEast,EU_CentEast,EUROPE,OECD90+EU,EU,EEU,EEU,EU,CZE,CZE,CZE,CZE,CZE,CZE,CEU
81,DEU,Germany,WCE,EURO,XXL,EU_MidWest,EU_MidWest,EUROPE,OECD90+EU,EU,WEU,WEU,EU,DEU,DEU,DEU,DEU,DEU,DEU,CEU
82,DJI,Djibouti,NEAF,NHAF,XXL,WestCentAfr,WestCentAfr,AFRICA,MAF,MAF,AFR,AFR,NAF,DJI,DJI,DJI,DJI,DJI,DJI,EAF
83,DMA,Dominica,CAR,CEAM,XXL,RCAM,RCAM,ROWO,ROWO,ROWO,LAM,LAM,XXX,DMA,DMA,DMA,XXX,XXX,XXX,XXX
84,DNK,Denmark,NEU,EURO,XXL,EU_North,EU_North,EUROPE,OECD90+EU,EU,WEU,WEU,EU,DNK,DNK,DNK,DNK,DNK,DNK,NEU
85,DOM,Dominican Republic,CAR,CEAM,XXL,RCAM,RCAM,LATIN_AM,LAM,LAM,LAM,LAM,CAM,DOM,DOM,DOM,DOM,DOM,DOM,XXX
86,DZA,Algeria,SAH,MIDE,XXL,MidEastNAfr,NAfr,AFRICA,MAF,MAF,MEA,MEA,NAF,DZA,DZA,DZA,DZA,DZA,DZA,SAH
87,ECU,Ecuador,NWS,SHSA,XXL,RSAM,RSAM,LATIN_AM,LAM,LAM,LAM,LAM,NSA,ECU,ECU,ECU,ECU,ECU,ECU,AMZ
88,EGY,Egypt,SAH,MIDE,XXL,MidEastNAfr,NAfr,AFRICA,MAF,MAF,MEA,MEA,NAF,EGY,EGY,EGY,EGY,EGY,EGY,SAH
89,ERI,Eritrea,NEAF,NHAF,XXL,WestCentAfr,WestCentAfr,AFRICA,MAF,MAF,AFR,AFR,NAF,ERI,ERI,ERI,ERI,ERI,ERI,SAH
90,ESH,Western Sahara,SAH,MIDE,XXL,ROWO,NAfr,AFRICA,MAF,MAF,AFR,AFR,NAF,ESH,ESH,ESH,ESH,ESH,ESH,SAH
91,ESP,Spain,MED,EURO,XXL,EU_South,EU_South,EUROPE,OECD90+EU,EU,WEU,WEU,EU,ESP,ESP,ESP,ESP,ESP,ESP,MED
92,EST,Estonia,NEU,EURO,XXL,EU_Baltic,EU_Baltic,EUROPE,OECD90+EU,EU,EEU,EEU,EU,EST,EST,EST,EST,EST,EST,NEU
93,ETH,Ethiopia,NEAF,NHAF,XXL,EastAfr,EastAfr,AFRICA,MAF,MAF,AFR,AFR,NAF,ETH,ETH,ETH,ETH,ETH,ETH,EAF
94,FIN,Finland,NEU,EURO,XXL,EU_North,EU_North,EUROPE,OECD90+EU,EU,WEU,WEU,EU,FIN,FIN,FIN,FIN,FIN,FIN,NEU
95,FJI,Fiji,SPO,AUST,XXL,PAC_Islands,PAC_Islands,REST_ASIA,ASIA,OTHERASIA,PAS,PAS,XXX,FJI,FJI,FJI,FJI,FJI,FJI,XXX
96,FLK,Falkland Islands,SSA,EURO,XXL,ROWO,ROWO,ROWO,ROWO,ROWO,LAM,LAM,XXX,FLK,FLK,FLK,FLK,FLK,FLK,SSA
97,FRA,France,WCE,EURO,XXL,EU_MidWest,EU_MidWest,EUROPE,OECD90+EU,EU,WEU,WEU,EU,FRA,FRA,FRA,FRA,FRA,FRA,CEU
98,FRO,Faroe Islands,NEU,EURO,XXL,ROWO,ROWO,ROWO,ROWO,ROWO,WEU,WEU,XXX,FRO,FRO,FRO,FRO,FRO,FRO,NEU
99,FSM,Micronesia,EPO,XXXX,XXL,ROWO,ROWO,REST_ASIA,ASIA,OTHERASIA,PAS,PAS,XXX,FSM,FSM,FSM,FSM,FSM,FSM,SEA
100,GAB,Gabon,CAF,SHAF,XXL,Congo_Basin,Congo_Basin,AFRICA,MAF,MAF,AFR,AFR,EQAF,GAB,GAB,GAB,GAB,GAB,GAB,WAF
101,GBR,United Kingdom,NEU,EURO,XXL,EU_North,EU_North,EUROPE,OECD90+EU,OTHEROECD,WEU,WEU,EU,GBR,GBR,GBR,GBR,GBR,GBR,NEU
102,GEO,Georgia,WCA,CEAS,XXL,Former_USSR,RFSU,REF_ECON,REF,REF,FSU,FSU,MIDE,GEO,GEO,GEO,GEO,GEO,GEO,WAS
103,GGY,Guernsey,WCE,XXXX,XXL,ROWO,ROWO,ROWO,ROWO,ROWO,WEU,WEU,XXX,GGY,GGY,GGY,XXX,XXX,GGY,CEU
104,GHA,Ghana,WAF,NHAF,XXL,WestCentAfr,WestCentAfr,AFRICA,MAF,MAF,AFR,AFR,EQAF,GHA,GHA,GHA,GHA,GHA,GHA,WAF
105,GIB,Gibraltar,MED,EURO,XXL,ROWE,ROWE,ROWO,ROWO,ROWO,WEU,WEU,EU,GIB,XXX,XXX,XXX,XXX,XXX,MED
106,GIN,Guinea,WAF,NHAF,XXL,WestCentAfr,WestCentAfr,AFRICA,MAF,MAF,AFR,AFR,EQAF,GIN,GIN,GIN,GIN,GIN,GIN,WAF
107,GLP,Guadeloupe,CAR,CEAM,XXL,ROWO,ROWO,LATIN_AM,LAM,LAM,LAM,LAM,CAM,GLP,GLP,GLP,GLP,GLP,XXX,XXX
108,GMB,Gambia,WAF,NHAF,XXL,WestCentAfr,WestCentAfr,AFRICA,MAF,MAF,AFR,AFR,NAF,GMB,GMB,GMB,GMB,GMB,GMB,WAF
109,GNB,Guinea-Bissau,WAF,NHAF,XXL,WestCentAfr,WestCentAfr,AFRICA,MAF,MAF,AFR,AFR,EQAF,GNB,GNB,GNB,GNB,GNB,GNB,WAF
110,GNQ,Equatorial Guinea,CAF,NHAF,XXL,Congo_Basin,Congo_Basin,AFRICA,MAF,MAF,AFR,AFR,EQAF,GNQ,GNQ,GNQ,GNQ,GNQ,GNQ,WAF
111,GRC,Greece,MED,EURO,XXL,EU_South,EU_South,EUROPE,OECD90+EU,EU,WEU,WEU,EU,GRC,GRC,GRC,GRC,GRC,GRC,MED
112,GRD,Grenada,CAR,CEAM,XXL,RCAM,RCAM,LATIN_AM,LAM,LAM,LAM,LAM,XXX,GRD,GRD,GRD,GRD,GRD,GRD,XXX
113,GRL,Greenland,GIC,EURO,XXL,ROWO,ROWO,ROWO,ROWO,ROWO,WEU,WEU,XXX,GRL,GRL,GRL,GRL,GRL,GRL,CGI
114,GTM,Guatemala,SCA,CEAM,XXL,RCAM,RCAM,LATIN_AM,LAM,LAM,LAM,LAM,CAM,GTM,GTM,GTM,GTM,GTM,GTM,CAM
115,GUF,French Guiana,NSA,NHSA,XXL,ROWO,ROWO,LATIN_AM,LAM,LAM,LAM,LAM,NSA,GUF,GUF,GUF,GUF,GUF,GUF,AMZ
116,GUM,Guam,NPO,SEAS,XXL,ROWO,ROWO,NORTH_AM,OECD90+EU,OTHEROECD,NAM,NAM,XXX,GUM,GUM,GUM,XXX,XXX,XXX,SEA
117,GUY,Guyana,NSA,NHSA,XXL,RSAM,RSAM,LATIN_AM,LAM,LAM,LAM,LAM,NSA,GUY,GUY,GUY,GUY,GUY,GUY,AMZ
118,HKG,Hong Kong,EAS,CEAS,XXL,ROWO,ROWO,CHINA+,ASIA,CHINA,CPA,CHN,CHN,HKG,HKG,HKG,HKG,HKG,HKG,EAS
119,HMD,Heard Island and McDonald Islands,SOO,XXXX,XXL,ROWO,ROWO,ROWO,ROWO,ROWO,PAO,PAO,XXX,HMD,HMD,HMD,HMD,XXX,XXX,XXX
120,HND,Honduras,SCA,CEAM,XXL,RCAM,RCAM,LATIN_AM,LAM,LAM,LAM,LAM,CAM,HND,HND,HND,HND,HND,HND,CAM
121,HRV,Croatia,WCE,EURO,XXL,RCEU,RCEU,EUROPE,OECD90+EU,EU,EEU,EEU,EU,HRV,HRV,HRV,HRV,HRV,HRV,CEU
122,HTI,Haiti,CAR,CEAM,XXL,RCAM,RCAM,LATIN_AM,LAM,LAM,LAM,LAM,CAM,HTI,HTI,HTI,HTI,HTI,HTI,XXX
123,HUN,Hungary,WCE,EURO,XXL,EU_CentEast,EU_CentEast,EUROPE,OECD90+EU,EU,EEU,EEU,EU,HUN,HUN,HUN,HUN,HUN,HUN,CEU
124,IDN,Indonesia,SEA,EQAS,XXL,RSEA_OPA,IDN,REST_ASIA,ASIA,OTHERASIA,PAS,PAS,SEAS,IDN,IDN,IDN,IDN,IDN,IDN,SEA
125,IMN,Isle of Man,NEU,EURO,XXL,ROWO,ROWO,ROWO,ROWO,ROWO,WEU,WEU,XXX,IMN,IMN,IMN,XXX,XXX,XXX,NEU
126,IND,India,SAS,SEAS,XXL,IND,IND,INDIA+,ASIA,INDIA,SAS,SAS,SAS,IND,IND,IND,IND,IND,IND,SAS
127,IOT,British Indian Ocean Territory,EIO,XXXX,XXL,ROWO,ROWO,ROWO,ROWO,ROWO,WEU,WEU,XXX,IOT,IOT,IOT,IOT,IOT,XXX,XXX
128,IRL,Ireland,NEU,EURO,XXL,EU_North,EU_North,EUROPE,OECD90+EU,EU,WEU,WEU,EU,IRL,IRL,IRL,IRL,IRL,IRL,NEU
129,IRN,Iran,WCA,MIDE,XXL,MidEastNAfr,MidEast,MIDDLE_EAST,MAF,MAF,MEA,MEA,MIDE,IRN,IRN,IRN,IRN,IRN,IRN,WAS
130,IRQ,Iraq,WCA,MIDE,XXL,MidEastNAfr,MidEast,MIDDLE_EAST,MAF,MAF,MEA,MEA,MIDE,IRQ,IRQ,IRQ,IRQ,IRQ,IRQ,WAS
131,ISL,Iceland,GIC,EURO,XXL,ROWE,ROWE,EUROPE,OECD90+EU,OTHEROECD,WEU,WEU,XXX,ISL,ISL,ISL,ISL,ISL,ISL,CGI
132,ISR,Israel,MED,MIDE,XXL,MidEastNAfr,MidEast,MIDDLE_EAST,MAF,MAF,MEA,MEA,MIDE,ISR,ISR,ISR,ISR,ISR,ISR,MED
133,ITA,Italy,MED,EURO,XXL,EU_South,EU_South,EUROPE,OECD90+EU,EU,WEU,WEU,EU,ITA,ITA,ITA,ITA,ITA,ITA,MED
134,JAM,Jamaica,CAR,CEAM,XXL,RCAM,RCAM,LATIN_AM,LAM,LAM,LAM,LAM,CAM,JAM,JAM,JAM,JAM,JAM,JAM,CAM
135,JEY,Jersey,WCE,EURO,XXL,ROWO,ROWO,ROWO,ROWO,ROWO,WEU,WEU,XXX,JEY,JEY,XXX,XXX,XXX,XXX,CEU
136,JOR,Jordan,MED,MIDE,XXL,MidEastNAfr,MidEast,MIDDLE_EAST,MAF,MAF,MEA,MEA,MIDE,JOR,JOR,JOR,JOR,JOR,JOR,MED
137,JPN,Japan,EAS,CEAS,XXL,JPN,JPN,PAC_OECD,OECD90+EU,OTHEROECD,PAO,PAO,KAJ,JPN,JPN,JPN,JPN,JPN,JPN,EAS
138,KAZ,Kazakhstan,WSB,CEAS,XXL,Former_USSR,RFSU,REF_ECON,REF,REF,FSU,FSU,CAS,KAZ,KAZ,KAZ,KAZ,KAZ,KAZ,CAS
139,KEN,Kenya,SEAF,SHAF,XXL,EastAfr,EastAfr,AFRICA,MAF,MAF,AFR,AFR,EQAF,KEN,KEN,KEN,KEN,KEN,KEN,EAF
140,KGZ,Kyrgyzstan,ECA,CEAS,XXL,Former_USSR,RFSU,REF_ECON,REF,REF,FSU,FSU,CAS,KGZ,KGZ,KGZ,KGZ,KGZ,KGZ,CAS
141,KHM,Cambodia,SEA,SEAS,XXL,RSEA_PAC,RSEA_PAC,REST_ASIA,ASIA,OTHERASIA,CPA,RCPA,SEAS,KHM,KHM,KHM,KHM,KHM,KHM,SEA
142,KIR,Kiribati,EPO,XXXX,XXL,PAC_Islands,PAC_Islands,REST_ASIA,ASIA,OTHERASIA,PAS,PAS,XXX,KIR,KIR,KIR,KIR,KIR,KIR,XXX
143,KNA,Saint Kitts and Nevis,CAR,CEAM,XXL,ROWO,ROWO,LATIN_AM,LAM,LAM,LAM,LAM,XXX,KNA,KNA,XXX,XXX,XXX,XXX,XXX
144,KOR,South Korea,EAS,CEAS,XXL,KOR,KOR,CHINA+,ASIA,OTHERASIA,PAS,PAS,KAJ,KOR,KOR,KOR,KOR,KOR,KOR,EAS
145,KWT,Kuwait,ARP,MIDE,XXL,MidEastNAfr,MidEast,MIDDLE_EAST,MAF,MAF,MEA,MEA,MIDE,KWT,KWT,KWT,KWT,KWT,KWT,WAS
146,LAO,Laos,SEA,SEAS,XXL,RSEA_PAC,RSEA_PAC,REST_ASIA,ASIA,OTHERASIA,CPA,RCPA,SEAS,LAO,LAO,LAO,LAO,LAO,LAO,SEA
147,LBN,Lebanon,MED,MIDE,XXL,MidEastNAfr,MidEast,MIDDLE_EAST,MAF,MAF,MEA,MEA,MIDE,LBN,LBN,LBN,LBN,LBN,XXX,MED
148,LBR,Liberia,WAF,NHAF,XXL,WestCentAfr,WestCentAfr,AFRICA,MAF,MAF,AFR,AFR,EQAF,LBR,LBR,LBR,LBR,LBR,LBR,WAF
149,LBY,Libya,SAH,MIDE,XXL,MidEastNAfr,NAfr,AFRICA,MAF,MAF,MEA,MEA,NAF,LBY,LBY,LBY,LBY,LBY,LBY,SAH
150,LCA,Saint Lucia,CAR,CEAM,XXL,RCAM,RCAM,LATIN_AM,LAM,LAM,LAM,LAM,XXX,LCA,LCA,LCA,LCA,LCA,XXX,XXX
151,LIE,Liechtenstein,WCE,EURO,XXL,ROWO,ROWO,ROWO,ROWO,ROWO,WEU,WEU,EU,LIE,LIE,LIE,XXX,XXX,XXX,CEU
152,LKA,Sri Lanka,BOB,SEAS,XXL,RSAS,RSAS,INDIA+,ASIA,OTHERASIA,SAS,SAS,SAS,LKA,LKA,LKA,LKA,LKA,LKA,SAS
153,LSO,Lesotho,ESAF,SHAF,XXL,RoSAfr,RoSAfr,AFRICA,MAF,MAF,AFR,AFR,SAF,LSO,LSO,LSO,LSO,LSO,LSO,SAF
154,LTU,Lithuania,WCE,EURO,XXL,EU_Baltic,EU_Baltic,EUROPE,OECD90+EU,EU,EEU,EEU,EU,LTU,LTU,LTU,LTU,LTU,LTU,CEU
155,LUX,Luxembourg,WCE,EURO,XXL,EU_MidWest,EU_MidWest,EUROPE,OECD90+EU,EU,WEU,WEU,EU,LUX,LUX,LUX,LUX,LUX,LUX,CEU
156,LVA,Latvia,WCE,EURO,XXL,EU_Baltic,EU_Baltic,EUROPE,OECD90+EU,EU,EEU,EEU,EU,LVA,LVA,LVA,LVA,LVA,LVA,CEU
157,MAC,Macao,EAS,XXXX,XXL,ROWO,ROWO,CHINA+,ASIA,CHINA,CPA,RCPA,XXX,MAC,XXX,XXX,XXX,XXX,XXX,EAS
158,MAF,Saint Martin,CAR,XXXX,XXL,ROWO,ROWO,ROWO,ROWO,ROWO,WEU,WEU,XXX,MAF,MAF,MAF,MAF,XXX,XXX,XXX
159,MAR,Morocco,MED,MIDE,XXL,MidEastNAfr,NAfr,AFRICA,MAF,MAF,MEA,MEA,NAF,MAR,MAR,MAR,MAR,MAR,MAR,MED
160,MCO,Monaco,MED,XXXX,XXL,ROWO,ROWO,ROWO,ROWO,ROWO,WEU,WEU,EU,MCO,MCO,XXX,XXX,XXX,XXX,MED
161,MDA,Moldova,WCE,EURO,XXL,Former_USSR,RFSU,REF_ECON,REF,REF,FSU,FSU,EU,MDA,MDA,MDA,MDA,MDA,MDA,CEU
162,MDG,Madagascar,MDG,SHAF,XXL,RoSAfr,RoSAfr,AFRICA,MAF,MAF,AFR,AFR,SAF,MDG,MDG,MDG,MDG,MDG,MDG,SAF
163,MDV,Maldives,EIO,XXXX,XXL,RSAS,RSAS,INDIA+,ASIA,OTHERASIA,SAS,SAS,XXX,MDV,MDV,MDV,MDV,MDV,MDV,SAS
164,MEX,Mexico,NCA,CEAM,XXL,MEX,MEX,LATIN_AM,LAM,LAM,LAM,LAM,CAM,MEX,MEX,MEX,MEX,MEX,MEX,CAM
165,MHL,Marshall Islands,EPO,XXXX,XXL,ROWO,ROWO,REST_ASIA,ASIA,OTHERASIA,PAS,PAS,XXX,MHL,MHL,MHL,MHL,MHL,MHL,XXX
166,MKD,North Macedonia,MED,EURO,XXL,RCEU,RCEU,EUROPE,OECD90+EU,OTHEROECD,EEU,EEU,EU,MKD,MKD,MKD,MKD,MKD,MKD,MED
167,MLI,Mali,SAH,NHAF,XXL,WestCentAfr,WestCentAfr,AFRICA,MAF,MAF,AFR,AFR,NAF,MLI,MLI,MLI,MLI,MLI,MLI,SAH
168,MLT,Malta,MED,EURO,XXL,EU_South,EU_South,EUROPE,OECD90+EU,EU,WEU,WEU,XXX,MLT,MLT,MLT,MLT,MLT,XXX,MED
169,MMR,Myanmar,SAS,SEAS,XXL,RSEA_OPA,RSEA_OPA,REST_ASIA,ASIA,OTHERASIA,PAS,PAS,SEAS,MMR,MMR,MMR,MMR,MMR,MMR,SAS
170,MNE,Montenegro,MED,EURO,XXL,RCEU,RCEU,EUROPE,OECD90+EU,OTHEROECD,EEU,EEU,EU,MNE,MNE,MNE,MNE,MNE,MNE,MED
171,MNG,Mongolia,ESB,CEAS,XXL,RSEA_PAC,RSEA_PAC,CHINA+,ASIA,OTHERASIA,CPA,RCPA,CAS,MNG,MNG,MNG,MNG,MNG,MNG,TIB
172,MNP,Northern Mariana Islands,NPO,SEAS,XXL,ROWO,ROWO,ROWO,ROWO,ROWO,PAS,PAS,XXX,MNP,MNP,MNP,MNP,MNP,MNP,SEA
173,MOZ,Mozambique,ESAF,SHAF,XXL,RoSAfr,RoSAfr,AFRICA,MAF,MAF,AFR,AFR,SAF,MOZ,MOZ,MOZ,MOZ,MOZ,MOZ,SAF
174,MRT,Mauritania,SAH,NHAF,XXL,WestCentAfr,WestCentAfr,AFRICA,MAF,MAF,AFR,AFR,NAF,MRT,MRT,MRT,MRT,MRT,MRT,SAH
175,MSR,Montserrat,CAR,CEAM,XXL,ROWO,ROWO,ROWO,ROWO,ROWO,LAM,LAM,XXX,MSR,MSR,XXX,XXX,XXX,XXX,XXX
176,MTQ,Martinique,CAR,CEAM,XXL,ROWO,ROWO,LATIN_AM,LAM,LAM,LAM,LAM,XXX,MTQ,MTQ,MTQ,MTQ,XXX,XXX,XXX
177,MUS,Mauritius,SIO,CEAM,XXL,RoSAfr,RoSAfr,AFRICA,MAF,MAF,AFR,AFR,XXX,MUS,MUS,MUS,MUS,MUS,MUS,XXX
178,MWI,Malawi,ESAF,SHAF,XXL,RoSAfr,RoSAfr,AFRICA,MAF,MAF,AFR,AFR,SAF,MWI,MWI,MWI,MWI,MWI,MWI,SAF
179,MYS,Malaysia,SEA,EQAS,XXL,RSEA_OPA,MYS,REST_ASIA,ASIA,OTHERASIA,PAS,PAS,SEAS,MYS,MYS,MYS,MYS,MYS,MYS,SEA
180,MYT,Mayotte,MDG,SHAF,XXL,ROWO,ROWO,AFRICA,MAF,MAF,WEU,WEU,XXX,MYT,MYT,MYT,MYT,XXX,XXX,SAF
181,NAM,Namibia,WSAF,SHAF,XXL,RoSAfr,RoSAfr,AFRICA,MAF,MAF,AFR,AFR,SAF,NAM,NAM,NAM,NAM,NAM,NAM,SAF
182,NCL,New Caledonia,SPO,EQAS,XXL,ROWO,ROWO,REST_ASIA,ASIA,OTHERASIA,PAS,PAS,XXX,NCL,NCL,NCL,NCL,NCL,NCL,XXX
183,NER,Niger,SAH,NHAF,XXL,WestCentAfr,WestCentAfr,AFRICA,MAF,MAF,AFR,AFR,NAF,NER,NER,NER,NER,NER,NER,SAH
184,NFK,Norfolk Island,SPO,XXXX,XXL,ROWO,ROWO,ROWO,ROWO,ROWO,WEU,WEU,XXX,NFK,NFK,NFK,NFK,NFK,XXX,XXX
185,NGA,Nigeria,WAF,NHAF,XXL,WestCentAfr,WestCentAfr,AFRICA,MAF,MAF,AFR,AFR,EQAF,NGA,NGA,NGA,NGA,NGA,NGA,WAF
186,NIC,Nicaragua,SCA,CEAM,XXL,RCAM,RCAM,LATIN_AM,LAM,LAM,LAM,LAM,CAM,NIC,NIC,NIC,NIC,NIC,NIC,CAM
187,NIU,Niue,SPO,XXXX,XXL,ROWO,ROWO,REST_ASIA,ASIA,OTHERASIA,PAS,PAS,XXX,NIU,NIU,NIU,NIU,XXX,XXX,XXX
188,NLD,Netherlands,WCE,EURO,XXL,EU_MidWest,EU_MidWest,EUROPE,OECD90+EU,EU,WEU,WEU,EU,NLD,NLD,NLD,NLD,NLD,NLD,CEU
189,NOR,Norway,NEU,EURO,XXL,ROWE,ROWE,EUROPE,OECD90+EU,OTHEROECD,WEU,WEU,EU,NOR,NOR,NOR,NOR,NOR,NOR,NEU
190,NPL,Nepal,TIB,SEAS,XXL,RSAS,RSAS,INDIA+,ASIA,OTHERASIA,SAS,SAS,SAS,NPL,NPL,NPL,NPL,NPL,NPL,SAS
191,NRU,Nauru,EPO,XXXX,XXL,ROWO,ROWO,REST_ASIA,ASIA,OTHERASIA,PAS,PAS,XXX,XXX,XXX,XXX,XXX,XXX,XXX,XXX
192,NZL,New Zealand,NZ,AUST,XXL,ANZ,NZL,PAC_OECD,OECD90+EU,OTHEROECD,PAO,PAO,OCE,NZL,NZL,NZL,NZL,NZL,NZL,SAU
193,OMN,Oman,ARP,MIDE,XXL,MidEastNAfr,MidEast,MIDDLE_EAST,MAF,MAF,MEA,MEA,MIDE,OMN,OMN,OMN,OMN,OMN,OMN,WAS
194,PAK,Pakistan,SAS,SEAS,XXL,RSAS,RSAS,INDIA+,ASIA,OTHERASIA,SAS,SAS,SAS,PAK,PAK,PAK,PAK,PAK,PAK,CAS
195,PAN,Panama,SCA,CEAM,XXL,RCAM,RCAM,LATIN_AM,LAM,LAM,LAM,LAM,CAM,PAN,PAN,PAN,PAN,PAN,PAN,CAM
196,PCN,Pitcairn Islands,SPO,XXXX,XXL,ROWO,ROWO,ROWO,ROWO,ROWO,WEU,WEU,XXX,PCN,PCN,PCN,PCN,PCN,PCN,XXX
197,PER,Peru,NWS,SHSA,XXL,RSAM,RSAM,LATIN_AM,LAM,LAM,LAM,LAM,SSA,PER,PER,PER,PER,PER,PER,WSA
198,PHL,Philippines,SEA,SEAS,XXL,RSEA_OPA,RSEA_OPA,REST_ASIA,ASIA,OTHERASIA,PAS,PAS,SEAS,PHL,PHL,PHL,PHL,PHL,PHL,SEA
199,PLW,Palau,EPO,XXXX,XXL,ROWO,ROWO,REST_ASIA,ASIA,OTHERASIA,PAS,PAS,XXX,PLW,PLW,PLW,PLW,PLW,PLW,SEA
200,PNG,Papua New Guinea,SEA,EQAS,XXL,PAC_Islands,PAC_Islands,REST_ASIA,ASIA,OTHERASIA,PAS,PAS,SEAS,PNG,PNG,PNG,PNG,PNG,PNG,SEA
201,POL,Poland,WCE,EURO,XXL,EU_CentEast,EU_CentEast,EUROPE,OECD90+EU,EU,EEU,EEU,EU,POL,POL,POL,POL,POL,POL,CEU
202,PRI,Puerto Rico,CAR,CEAM,XXL,ROWO,ROWO,LATIN_AM,OECD90+EU,OTHEROECD,NAM,NAM,CAM,PRI,PRI,PRI,PRI,PRI,PRI,XXX
203,PRK,North Korea,EAS,CEAS,XXL,RSEA_PAC,RSEA_PAC,CHINA+,ASIA,OTHERASIA,CPA,RCPA,KAJ,PRK,PRK,PRK,PRK,PRK,PRK,EAS
204,PRT,Portugal,MED,EURO,XXL,EU_South,EU_South,EUROPE,OECD90+EU,EU,WEU,WEU,EU,PRT,PRT,PRT,PRT,PRT,PRT,MED
205,PRY,Paraguay,SES,SHSA,XXL,RSAM,RSAM,LATIN_AM,LAM,LAM,LAM,LAM,SSA,PRY,PRY,PRY,PRY,PRY,PRY,SSA
206,PSE,Palestine,MED,MIDE,XXL,ROWO,ROWO,MIDDLE_EAST,MAF,MAF,MEA,MEA,MIDE,PSE,PSE,PSE,PSE,PSE,PSE,MED
207,PYF,French Polynesia,SPO,XXXX,XXL,ROWO,ROWO,REST_ASIA,ASIA,OTHERASIA,PAS,PAS,XXX,PYF,PYF,PYF,PYF,PYF,PYF,XXX
208,QAT,Qatar,ARP,MIDE,XXL,MidEastNAfr,MidEast,MIDDLE_EAST,MAF,MAF,MEA,MEA,MIDE,QAT,QAT,QAT,QAT,QAT,QAT,WAS
209,REU,Reunion,SIO,XXXX,XXL,ROWO,ROWO,AFRICA,MAF,MAF,WEU,WEU,XXX,REU,REU,REU,REU,XXX,XXX,XXX
210,ROU,Romania,WCE,EURO,XXL,EU_CentEast,EU_CentEast,EUROPE,OECD90+EU,EU,EEU,EEU,EU,ROU,ROU,ROU,ROU,ROU,ROU,CEU
211,RU-01,Russia - North Caucasian,WCA,CEAS,XXL,Former_USSR,RUS,REF_ECON,REF,REF,FSU,FSU,RUS,RU-01,RU-01,RU-01,RU-01,RU-01,RU-01,WAS
212,RU-02,Russia - Southern,EEU,CEAS,XXL,Former_USSR,RUS,REF_ECON,REF,REF,FSU,FSU,RUS,RU-02,RU-02,RU-02,RU-02,RU-02,RU-02,WAS
213,RU-03,Russia - Central,WCE,CEAS,XXL,Former_USSR,RUS,REF_ECON,REF,REF,FSU,FSU,RUS,RU-03,RU-03,RU-03,RU-03,RU-03,RU-03,CEU
214,RU-04,Russia - Northwestern,EEU,BOAS,XXL,Former_USSR,RUS,REF_ECON,REF,REF,FSU,FSU,RUS,RU-04,RU-04,RU-04,RU-04,RU-04,RU-04,NEU
215,RU-05,Russia - Volga,EEU,CEAS,XXL,Former_USSR,RUS,REF_ECON,REF,REF,FSU,FSU,RUS,RU-05,RU-05,RU-05,RU-05,RU-05,RU-05,NAS
216,RU-06,Russia - Ural,WSB,BOAS,XXL,Former_USSR,RUS,REF_ECON,REF,REF,FSU,FSU,RUS,RU-06,RU-06,RU-06,RU-06,RU-06,RU-06,NAS
217,RU-07,Russia - Siberian,ESB,BOAS,XXL,Former_USSR,RUS,REF_ECON,REF,REF,FSU,FSU,RUS,RU-07,RU-07,RU-07,RU-07,RU-07,RU-07,NAS
218,RU-08,Russia - Far Eastern,RFE,BOAS,XXL,Former_USSR,RUS,REF_ECON,REF,REF,FSU,FSU,RUS,RU-08,RU-08,RU-08,RU-08,RU-08,RU-08,NAS
219,RU-KG,Kaliningrad,WCE,EURO,XXL,Former_USSR,RUS,REF_ECON,REF,REF,FSU,FSU,EU,RU-KG,RU-KG,RU-KG,RU-KG,RU-KG,RU-KG,CEU
220,RUS,Russia,XXX,XXXX,XXL,Former_USSR,RUS,REF_ECON,REF,REF,FSU,FSU,XXX,XXX,XXX,XXX,XXX,XXX,XXX,XXX
221,RWA,Rwanda,SEAF,SHAF,XXL,EastAfr,EastAfr,AFRICA,MAF,MAF,AFR,AFR,EQAF,RWA,RWA,RWA,RWA,RWA,RWA,EAF
222,SAU,Saudi Arabia,ARP,MIDE,XXL,MidEastNAfr,MidEast,MIDDLE_EAST,MAF,MAF,MEA,MEA,MIDE,SAU,SAU,SAU,SAU,SAU,SAU,WAS
223,SDN,Sudan,NEAF,NHAF,XXL,WestCentAfr,WestCentAfr,AFRICA,MAF,MAF,MEA,MEA,NAF,SDN,SDN,SDN,SDN,SDN,SDN,SAH
224,SEN,Senegal,WAF,NHAF,XXL,WestCentAfr,WestCentAfr,AFRICA,MAF,MAF,AFR,AFR,NAF,SEN,SEN,SEN,SEN,SEN,SEN,WAF
225,SGP,Singapore,SEA,EQAS,XXL,RSEA_OPA,RSEA_OPA,REST_ASIA,ASIA,OTHERASIA,PAS,PAS,XXX,SGP,SGP,SGP,SGP,SGP,XXX,SEA
226,SGS,South Georgia and the South Sandwich Islands,SOO,XXXX,XXL,ROWO,ROWO,ROWO,ROWO,ROWO,WEU,WEU,XXX,SGS,SGS,SGS,SGS,SGS,SGS,XXX
227,SHN,"Saint Helena, Ascension and Tristan da Cunha",SAO,XXXX,XXL,ROWO,ROWO,ROWO,ROWO,ROWO,ROWO,ROWO,XXX,SHN,SHN,SHN,SHN,SHN,SHN,SAF
228,SJM,Svalbard and Jan Mayen,ARO,EURO,XXL,ROWO,ROWO,ROWO,ROWO,ROWO,WEU,WEU,XXX,SJM,SJM,SJM,SJM,SJM,SJM,XXX
229,SLB,Solomon Islands,EPO,EQAS,XXL,PAC_Islands,PAC_Islands,REST_ASIA,ASIA,OTHERASIA,PAS,PAS,SEAS,SLB,SLB,SLB,SLB,SLB,SLB,XXX
230,SLE,Sierra Leone,WAF,NHAF,XXL,WestCentAfr,WestCentAfr,AFRICA,MAF,MAF,AFR,AFR,EQAF,SLE,SLE,SLE,SLE,SLE,SLE,WAF
231,SLV,El Salvador,SCA,CEAM,XXL,RCAM,RCAM,LATIN_AM,LAM,LAM,LAM,LAM,CAM,SLV,SLV,SLV,SLV,SLV,SLV,CAM
232,SMR,San Marino,MED,EURO,XXL,ROWO,ROWO,ROWO,ROWO,ROWO,WEU,WEU,EU,SMR,SMR,SMR,XXX,XXX,SMR,MED
233,SOM,Somalia,NEAF,NHAF,XXL,WestCentAfr,WestCentAfr,AFRICA,MAF,MAF,AFR,AFR,NAF,SOM,SOM,SOM,SOM,SOM,SOM,EAF
234,SPM,Saint Pierre and Miquelon,ENA,CEAM,XXL,ROWO,ROWO,ROWO,ROWO,ROWO,WEU,WEU,XXX,SPM,SPM,SPM,SPM,XXX,XXX,XXX
235,SRB,Serbia,MED,EURO,XXL,RCEU,RCEU,EUROPE,OECD90+EU,OTHEROECD,EEU,EEU,EU,SRB,SRB,SRB,SRB,SRB,SRB,MED
236,SSD,South Sudan,NEAF,NHAF,XXL,ROWO,ROWO,AFRICA,MAF,MAF,MEA,MEA,NAF,SSD,SSD,SSD,SSD,SSD,SSD,EAF
237,STP,Sao Tome and Principe,WAF,NHAF,XXL,ROWO,ROWO,AFRICA,MAF,MAF,AFR,AFR,XXX,STP,STP,STP,STP,STP,STP,WAF
238,SUR,Suriname,NSA,NHSA,XXL,RSAM,RSAM,LATIN_AM,LAM,LAM,LAM,LAM,NSA,SUR,SUR,SUR,SUR,SUR,SUR,AMZ
239,SVK,Slovakia,WCE,EURO,XXL,EU_CentEast,EU_CentEast,EUROPE,OECD90+EU,EU,EEU,EEU,EU,SVK,SVK,SVK,SVK,SVK,SVK,CEU
240,SVN,Slovenia,WCE,EURO,XXL,EU_CentEast,EU_CentEast,EUROPE,OECD90+EU,EU,EEU,EEU,EU,SVN,SVN,SVN,SVN,SVN,SVN,CEU
241,SWE,Sweden,NEU,EURO,XXL,EU_North,EU_North,EUROPE,OECD90+EU,EU,WEU,WEU,EU,SWE,SWE,SWE,SWE,SWE,SWE,NEU
242,SWZ,Eswatini,ESAF,SHAF,XXL,RoSAfr,RoSAfr,AFRICA,MAF,MAF,AFR,AFR,SAF,SWZ,SWZ,SWZ,SWZ,SWZ,XXX,SAF
243,SXM,Sint Maarten,CAR,XXXX,XXL,RCAM,RCAM,LATIN_AM,LAM,LAM,ROWO,ROWO,XXX,SXM,XXX,XXX,XXX,XXX,XXX,XXX
244,SYC,Seychelles,SEAF,XXXX,XXL,ROWO,ROWO,AFRICA,MAF,MAF,AFR,AFR,XXX,SYC,SYC,SYC,SYC,SYC,SYC,EAF
245,SYR,Syria,MED,MIDE,XXL,MidEastNAfr,MidEast,MIDDLE_EAST,MAF,MAF,MEA,MEA,MIDE,SYR,SYR,SYR,SYR,SYR,SYR,MED
246,TCA,Turks and Caicos Islands,CAR,CEAM,XXL,ROWO,ROWO,ROWO,ROWO,ROWO,LAM,LAM,XXX,TCA,TCA,TCA,TCA,TCA,XXX,XXX
247,TCD,Chad,CAF,NHAF,XXL,WestCentAfr,WestCentAfr,AFRICA,MAF,MAF,AFR,AFR,NAF,TCD,TCD,TCD,TCD,TCD,TCD,SAH
248,TGO,Togo,WAF,NHAF,XXL,WestCentAfr,WestCentAfr,AFRICA,MAF,MAF,AFR,AFR,EQAF,TGO,TGO,TGO,TGO,TGO,TGO,WAF
249,THA,Thailand,SEA,SEAS,XXL,RSEA_OPA,RSEA_OPA,REST_ASIA,ASIA,OTHERASIA,PAS,PAS,SEAS,THA,THA,THA,THA,THA,THA,SEA
250,TJK,Tajikistan,WCA,CEAS,XXL,Former_USSR,RFSU,REF_ECON,REF,REF,FSU,FSU,CAS,TJK,TJK,TJK,TJK,TJK,TJK,CAS
251,TKL,Tokelau,EPO,XXXX,XXL,ROWO,ROWO,ROWO,ROWO,ROWO,PAO,PAO,XXX,TKL,TKL,TKL,TKL,TKL,TKL,XXX
252,TKM,Turkmenistan,WCA,CEAS,XXL,Former_USSR,RFSU,REF_ECON,REF,REF,FSU,FSU,CAS,TKM,TKM,TKM,TKM,TKM,TKM,CAS
253,TLS,Timor-Leste,SEA,EQAS,XXL,ROWO,ROWO,REST_ASIA,ASIA,OTHERASIA,PAS,PAS,SEAS,TLS,TLS,TLS,TLS,TLS,TLS,SEA
254,TON,Tonga,SPO,XXXX,XXL,PAC_Islands,PAC_Islands,REST_ASIA,ASIA,OTHERASIA,PAS,PAS,XXX,TON,TON,TON,TON,TON,TON,XXX
255,TTO,Trinidad and Tobago,NSA,NHSA,XXL,RCAM,RCAM,LATIN_AM,LAM,LAM,LAM,LAM,CAM,TTO,TTO,TTO,TTO,XXX,XXX,AMZ
256,TUN,Tunisia,MED,MIDE,XXL,MidEastNAfr,NAfr,AFRICA,MAF,MAF,MEA,MEA,NAF,TUN,TUN,TUN,TUN,TUN,TUN,MED
257,TUR,Turkey,MED,MIDE,XXL,TUR,TUR,EUROPE,OECD90+EU,OTHEROECD,WEU,WEU,MIDE,TUR,TUR,TUR,TUR,TUR,TUR,MED
258,TUV,Tuvalu,EPO,XXXX,XXL,ROWO,ROWO,REST_ASIA,ASIA,OTHERASIA,PAS,PAS,XXX,TUV,TUV,TUV,TUV,TUV,TUV,XXX
259,TWN,Taiwan,EAS,CEAS,XXL,ROWO,ROWO,REST_ASIA,ASIA,OTHERASIA,PAS,PAS,CHN,TWN,TWN,TWN,TWN,TWN,TWN,EAS
260,TZA,Tanzania,SEAF,SHAF,XXL,EastAfr,EastAfr,AFRICA,MAF,MAF,AFR,AFR,EQAF,TZA,TZA,TZA,TZA,TZA,TZA,EAF
261,UGA,Uganda,SEAF,NHAF,XXL,EastAfr,EastAfr,AFRICA,MAF,MAF,AFR,AFR,EQAF,UGA,UGA,UGA,UGA,UGA,UGA,EAF
262,UKR,Ukraine,WCE,CEAS,XXL,Former_USSR,UKR,REF_ECON,REF,REF,FSU,FSU,EU,UKR,UKR,UKR,UKR,UKR,UKR,CEU
263,UMI,US Minor Outlying Islands,EPO,XXXX,XXL,ROWO,ROWO,ROWO,ROWO,ROWO,NAM,NAM,XXX,UMI,UMI,UMI,UMI,UMI,UMI,XXX
264,URY,Uruguay,SES,SHSA,XXL,RSAM,RSAM,LATIN_AM,LAM,LAM,LAM,LAM,SSA,URY,URY,URY,URY,URY,URY,SSA
265,US-01,Contiguous USA - Northeast,ENA,TENA,XXL,USA,USA,NORTH_AM,OECD90+EU,USA,NAM,NAM,USA,US-01,US-01,US-01,US-01,US-01,US-01,ENA
266,US-02,Contiguous USA - Upper Midwest,CNA,TENA,XXL,USA,USA,NORTH_AM,OECD90+EU,USA,NAM,NAM,USA,US-02,US-02,US-02,US-02,US-02,US-02,CNA
267,US-03,Contiguous USA - Ohio Valley,ENA,TENA,XXL,USA,USA,NORTH_AM,OECD90+EU,USA,NAM,NAM,USA,US-03,US-03,US-03,US-03,US-03,US-03,CNA
268,US-04,Contiguous USA - Southeast,ENA,TENA,XXL,USA,USA,NORTH_AM,OECD90+EU,USA,NAM,NAM,USA,US-04,US-04,US-04,US-04,US-04,US-04,ENA
269,US-05,Contiguous USA - Northern Rockies and Plains,CNA,TENA,XXL,USA,USA,NORTH_AM,OECD90+EU,USA,NAM,NAM,USA,US-05,US-05,US-05,US-05,US-05,US-05,CNA
270,US-06,Contiguous USA - South,CNA,TENA,XXL,USA,USA,NORTH_AM,OECD90+EU,USA,NAM,NAM,USA,US-06,US-06,US-06,US-06,US-06,US-06,CNA
271,US-07,Contiguous USA - Southwest,WNA,TENA,XXL,USA,USA,NORTH_AM,OECD90+EU,USA,NAM,NAM,USA,US-07,US-07,US-07,US-07,US-07,US-07,WNA
272,US-08,Contiguous USA - Northwest,WNA,TENA,XXL,USA,USA,NORTH_AM,OECD90+EU,USA,NAM,NAM,USA,US-08,US-08,US-08,US-08,US-08,US-08,WNA
273,US-09,Contiguous USA - West,WNA,TENA,XXL,USA,USA,NORTH_AM,OECD90+EU,USA,NAM,NAM,USA,US-09,US-09,US-09,US-09,US-09,US-09,WNA
274,US-AK,Alaska,NWN,BONA,XXL,USA,USA,NORTH_AM,OECD90+EU,USA,NAM,NAM,USA,US-AK,US-AK,US-AK,US-AK,US-AK,US-AK,ALA
275,US-HI,Hawaii,NPO,TENA,XXL,USA,USA,NORTH_AM,OECD90+EU,USA,NAM,NAM,USA,US-HI,US-HI,US-HI,US-HI,US-HI,US-HI,XXX
276,USA,United States of America,XXX,XXXX,XXL,USA,USA,NORTH_AM,OECD90+EU,USA,NAM,NAM,USA,XXX,XXX,XXX,XXX,XXX,XXX,XXX
277,UZB,Uzbekistan,WCA,CEAS,XXL,Former_USSR,RFSU,REF_ECON,REF,REF,FSU,FSU,CAS,UZB,UZB,UZB,UZB,UZB,UZB,CAS
278,VAT,Vatican,MED,EURO,XXL,ROWO,ROWO,ROWO,ROWO,ROWO,WEU,WEU,XXX,XXX,XXX,XXX,XXX,XXX,XXX,MED
279,VCT,Saint Vincent and the Grenadines,CAR,XXXX,XXL,RCAM,RCAM,LATIN_AM,LAM,LAM,LAM,LAM,CAM,VCT,VCT,VCT,VCT,XXX,VCT,XXX
280,VEN,Venezuela,NSA,NHSA,XXL,RSAM,RSAM,LATIN_AM,LAM,LAM,LAM,LAM,NSA,VEN,VEN,VEN,VEN,VEN,VEN,AMZ
281,VGB,British Virgin Islands,CAR,CEAM,XXL,ROWO,ROWO,ROWO,ROWO,ROWO,WEU,WEU,XXX,VGB,VGB,VGB,XXX,XXX,XXX,XXX
282,VIR,US Virgin Islands,CAR,CEAM,XXL,ROWO,ROWO,LATIN_AM,LAM,LAM,NAM,NAM,XXX,VIR,VIR,VIR,VIR,VIR,VIR,XXX
283,VNM,Vietnam,SEA,SEAS,XXL,RSEA_PAC,RSEA_PAC,REST_ASIA,ASIA,OTHERASIA,CPA,RCPA,SEAS,VNM,VNM,VNM,VNM,VNM,VNM,SEA
284,VUT,Vanuatu,SPO,EQAS,XXL,PAC_Islands,PAC_Islands,REST_ASIA,ASIA,OTHERASIA,PAS,PAS,XXX,VUT,VUT,VUT,VUT,VUT,VUT,XXX
285,WLF,Wallis and Futuna,SPO,XXXX,XXL,ROWO,ROWO,ROWO,ROWO,ROWO,WEU,WEU,XXX,WLF,WLF,WLF,WLF,WLF,WLF,XXX
286,WSM,Samoa,SPO,XXXX,XXL,PAC_Islands,PAC_Islands,REST_ASIA,ASIA,OTHERASIA,PAS,PAS,XXX,WSM,WSM,WSM,WSM,WSM,WSM,XXX
287,XAB,Abyei,NEAF,NHAF,XXL,ROWO,ROWO,ROWO,ROWO,ROWO,ROWO,ROWO,NAF,XAB,XAB,XAB,XAB,XAB,XAB,EAF
288,XAC,Aksai Chin,TIB,CEAS,XXL,ROWO,ROWO,ROWO,ROWO,ROWO,ROWO,ROWO,CHN,XAC,XAC,XAC,XAC,XAC,XAC,TIB
289,XAD,Akrotiri and Dhekelia,MED,EURO,XXL,ROWO,ROWO,ROWO,ROWO,ROWO,ROWO,ROWO,EU,XAD,XAD,XAD,XAD,XXX,XAD,MED
290,XAL,Armistice Green Line,MED,MIDE,XXL,ROWO,ROWO,ROWO,ROWO,ROWO,ROWO,ROWO,MIDE,XAL,XAL,XAL,XAL,XXX,XAL,MED
291,XAP,Arunachal Pradesh,TIB,SEAS,XXL,ROWO,ROWO,ROWO,ROWO,ROWO,ROWO,ROWO,SAS,XAP,XAP,XAP,XAP,XAP,XAP,SAS
292,XBT,Bir Tawil,SAH,NHAF,XXL,ROWO,ROWO,ROWO,ROWO,ROWO,ROWO,ROWO,NAF,XBT,XBT,XBT,XBT,XBT,XXX,SAH
293,XCI,Clipperton Island,NPO,XXXX,XXL,ROWO,ROWO,ROWO,ROWO,ROWO,ROWO,ROWO,XXX,XXX,XXX,XXX,XXX,XXX,XXX,XXX
294,XCS,Caspian Sea,WCA,CEAS,XXL,ROWO,ROWO,ROWO,ROWO,ROWO,ROWO,ROWO,MIDE,XCS,XCS,XCS,XCS,XCS,XCS,WAS
295,XGK,Greater Kashmir,TIB,SEAS,XXL,ROWO,ROWO,ROWO,ROWO,ROWO,ROWO,ROWO,SAS,XGK,XGK,XGK,XGK,XGK,XGK,TIB
296,XGL,Great Lakes,ENA,TENA,XXL,ROWO,ROWO,ROWO,ROWO,ROWO,ROWO,ROWO,USA,XGL,XGL,XGL,XGL,XGL,XGL,CNA
297,XHT,Halaib Triangle,SAH,NHAF,XXL,ROWO,ROWO,ROWO,ROWO,ROWO,ROWO,ROWO,NAF,XHT,XHT,XHT,XHT,XHT,XHT,SAH
298,XHV,Disputed Himalayan Valleys,TIB,SEAS,XXL,ROWO,ROWO,ROWO,ROWO,ROWO,ROWO,ROWO,SAS,XHV,XHV,XHV,XHV,XHV,XHV,TIB
299,XIT,Ilemi Triangle,NEAF,NHAF,XXL,ROWO,ROWO,ROWO,ROWO,ROWO,ROWO,ROWO,NAF,XIT,XIT,XIT,XIT,XXX,XIT,EAF
300,XKI,Kuril Islands,EAS,BOAS,XXL,ROWO,ROWO,ROWO,ROWO,ROWO,ROWO,ROWO,RUS,XKI,XKI,XKI,XKI,XKI,XKI,XXX
301,XKO,Kosovo,MED,EURO,XXL,ROWO,ROWO,EUROPE,OECD90+EU,OTHEROECD,EEU,EEU,EU,XKO,XKO,XKO,XKO,XKO,XKO,MED
302,XPI,Paracel Islands,SEA,XXXX,XXL,ROWO,ROWO,ROWO,ROWO,ROWO,ROWO,ROWO,XXX,XPI,XPI,XPI,XPI,XPI,XPI,SEA
303,XSC,Scattered Islands in the Indian Ocean,MDG,XXXX,XXL,ROWO,ROWO,ROWO,ROWO,ROWO,ROWO,ROWO,XXX,XSC,XSC,XSC,XSC,XSC,XSC,SAF
304,XSI,Spratly Islands,SEA,XXXX,XXL,ROWO,ROWO,ROWO,ROWO,ROWO,ROWO,ROWO,XXX,XSI,XSI,XSI,XSI,XSI,XSI,SEA
305,XSK,Senkaku Islands,EAS,XXXX,XXL,ROWO,ROWO,ROWO,ROWO,ROWO,ROWO,ROWO,XXX,XSK,XSK,XSK,XXX,XXX,XXX,EAS
306,XSS,Scarborough Shoal,SEA,XXXX,XXL,ROWO,ROWO,ROWO,ROWO,ROWO,ROWO,ROWO,XXX,XSS,XSS,XXX,XXX,XXX,XXX,SEA
307,YEM,Yemen,ARP,MIDE,XXL,MidEastNAfr,MidEast,MIDDLE_EAST,MAF,MAF,MEA,MEA,MIDE,YEM,YEM,YEM,YEM,YEM,YEM,WAS
308,ZAF,South Africa,ESAF,SHAF,XXL,ZAF,ZAF,AFRICA,MAF,MAF,AFR,AFR,SAF,ZAF,ZAF,ZAF,ZAF,ZAF,ZAF,SAF
309,ZMB,Zambia,ESAF,SHAF,XXL,RoSAfr,RoSAfr,AFRICA,MAF,MAF,AFR,AFR,SAF,ZMB,ZMB,ZMB,ZMB,ZMB,ZMB,SAF
310,ZWE,Zimbabwe,ESAF,SHAF,XXL,RoSAfr,RoSAfr,AFRICA,MAF,MAF,AFR,AFR,SAF,ZWE,ZWE,ZWE,ZWE,ZWE,ZWE,SAF
