AR6WG1_R58x,XXX:Rest of the Globe,GIC:Greenland & Iceland,NWN:N.W. North America,NEN:N.E. North America,WNA:W. North America,CNA:C. North America,ENA:E. North America,NCA:N. Central America,SCA:S. Central America,CAR:Caribbean,NWS:N. W. South America,NSA:N. South America,NES:N.E. South America,SAM:South American Monsoon,SWS:S.W. South America,SES:S.E. South America,SSA:S. South America,NEU:N. Europe,WCE:West & Central Europe,EEU:E. Europe,MED:Mediterranean,SAH:Sahara,WAF:Western Africa,CAF:Central Africa,NEAF:N. Eastern Africa,SEAF:S. Eastern Africa,WSAF:W. Southern Africa,ESAF:E. Southern Africa,MDG:Madagascar,RAR:Russian Arctic,WSB:W. Siberia,ESB:E. Siberia,RFE:Russian Far East,WCA:W.C. Asia,ECA:E.C. Asia,TIB:Tibetan Plateau,EAS:E. Asia,ARP:Arabian Peninsula,SAS:S. Asia,SEA:S.E. Asia,NAU:N. Australia,CAU:C. Australia,EAU:E. Australia,SAU:S. Australia,NZ:New Zealand,EAN:E. Antarctica,WAN:W. Antarctica,ARO:Arctic Ocean,NPO:N. Pacific Ocean,EPO:Equatorial Pacific Ocean,SPO:S. Pacific Ocean,NAO:N. Atlantic Ocean,EAO:Equatorial Atlantic Ocean,SAO:S. Atlantic Ocean,ARS:Arabian Sea,BOB:Bay of Bengal,EIO:Equatorial Indic Ocean,SIO:S. Indic Ocean,SOO:Southern Ocean
GFED_R14x,XXXX:Rest of the World,BONA:Boreal North America,TENA:Temperate North America,CEAM:Central America,NHSA:Northern Hemisphere South America,SHSA:Southern Hemisphere South America,EURO:Europe,MIDE:Middle East,NHAF:Northern Hemisphere Africa,SHAF:Southern Hemisphere Africa,BOAS:Boreal Asia,CEAS:Central Asia,SEAS:Southeast Asia,EQAS:Equatorial Asia,AUST:Australia & New Zealand
Global,XXX:Rest of the Globe,XXL:Global Land excluding Antartica
GLOBIOM_R30,ROWO:Rest of the World,CAN:Canada,USA:United States of America,EU_MidWest:EU Midwest,EU_North:EU North,EU_South:EU South,ROWE:Rest of Western Europe,TUR:Turkey,ANZ:Australia and New Zealand,JPN:Japan,PAC_Islands:Pacific Islands,EU_Baltic:EU Baltic,EU_CentEast:EU Central East,RCEU:Rest of Central Europe,Former_USSR:Former USSR,CHN:China,RSEA_PAC:Rest of South Eastern Asia (Pacific Mainland),IND:India,RSAS:Rest of South Asian States,KOR:South Korea,RSEA_OPA:Rest of South Eastern Asia (Open Pacific Area),MidEastNAfr:Middle-East and North Africa,BRA:Brazil,MEX:Mexico,RCAM:Rest of Central America,RSAM:Rest of South America,Congo_Basin:Congo Basin,EastAfr:Eastern Africa,ZAF:South Africa,RoSAfr:Rest of Southern Africa,WestCentAfr:West and Centtral Africa
GLOBIOM_R37,ROWO:Rest of the World,EU_Baltic:EU Baltic,EU_CentEast:EU Central East,EU_MidWest:EU Midwest,EU_North:EU North,EU_South:EU South,RCEU:Rest of Central Europe,ROWE:Rest of Western Europe ,RUS:Russia,UKR:Ukraine,RFSU:Rest of Former USSR,AUS:Australia,NZL:New Zealand,PAC_Islands:Pacific Islands,USA:United States of America,CAN:Canada,ARG:Argentina,BRA:Brazil,MEX:Mexico,RCAM:Rest of Central America,RSAM:Rest of South America,CHN:China,JPN:Japan,KOR:South Korea,IDN:Indonesia,MYS:Malaysia,RSEA_OPA:Rest of South Eastern Asia (Open Pacific Area),RSEA_PAC:Rest of South Eastern Asia (Pacific Mainland),IND:India,RSAS:Rest of South Asian States,MidEast:Middle-East,NAfr:Northern Africa,TUR:Turkey,Congo_Basin:Congo Basin,EastAfr:Eastern Africa ,ZAF:South Africa,RoSAfr:Rest of Southern Africa,WestCentAfr:West and Central Africa
IAMC_R10,ROWO:Other,AFRICA:Africa,CHINA+:China+,EUROPE:Europe,INDIA+:India+,LATIN_AM:Latin America,MIDDLE_EAST:Middle East,NORTH_AM:North America,PAC_OECD:Pacific OECD,REF_ECON:Reforming Economies,REST_ASIA:Rest of Asia
IAMC_R5,ROWO:Other,OECD90+EU:OECD & EU,REF:Reforming Economies,ASIA:Asia,MAF:Middle East & Africa,LAM:Latin America
IAMC_R9,ROWO:Other,EU:European Union,USA:USA,OTHEROECD:Other OECD,CHINA:China,INDIA:India,OTHERASIA:Other Asia,REF:Reforming Economies,MAF:Middle East & Africa,LAM:Latin America
MESSAGE_R11,ROWO:Rest of the World,AFR:Sub-Saharan Africa,CPA:Rest of Centrally Planned Asia,EEU:Eastern Europe,FSU:Former Soviet Union,LAM:Latin America and the Caribbean,MEA:Middle East and North Africa,NAM:North America,PAO:Pacific OECD,PAS:Other Pacific Asia,SAS:South Asia,WEU:Western Europe
MESSAGE_R12,ROWO:Rest of the World,AFR:Sub-Saharan Africa,RCPA:Rest of Centrally Planned Asia,CHN:China,EEU:Eastern Europe,FSU:Former Soviet Union,LAM:Latin America and the Caribbean,MEA:Middle East and North Africa,NAM:North America,PAO:Pacific OECD,PAS:Other Pacific Asia,SAS:South Asia,WEU:Western Europe
RECCAP_R18x,XXX:Rest of the World,USA:United States of America,CAN:Canada,CAM:Central America,NSA:Northern South America,BRA:Brazil,SSA:Southwestern South America,EU:Europe,NAF:Northern Africa,EQAF:Equatorial Africa,SAF:Southern Africa,RUS:Russia,CAS:Central Asia,MIDE:Middle-East,CHN:China,KAJ:Korea and Japan,SAS:South Asia,SEAS:Southeast Asia,OCE:Oceania
Resolution_0p125deg,XXX:Rest of the World,ABW:Aruba,AFG:Afghanistan,AGO:Angola,AIA:Anguilla,ALA:Aland,ALB:Albania,AND:Andorra,ARE:United Arab Emirates,ARG:Argentina,ARM:Armenia,ASM:American Samoa,ATA:Antarctica,ATF:French Southern Territories,ATG:Antigua and Barbuda,AU-01:Australia - North East,AU-02:Australia - Central East,AU-03:Australia - South East,AU-WA:Western Australia,AUT:Austria,AZE:Azerbaijan,BDI:Burundi,BEL:Belgium,BEN:Benin,"BES:Bonaire, Sint Eustatius and Saba",BFA:Burkina Faso,BGD:Bangladesh,BGR:Bulgaria,BHR:Bahrain,BHS:Bahamas,BIH:Bosnia and Herzegovina,BLR:Belarus,BLZ:Belize,BMU:Bermuda,BOL:Bolivia,BR-01:Brazil - North,BR-02:Brazil - Northeast,BR-03:Brazil - Central West,BR-04:Brazil - Southeast,BR-05:Brazil - South,BRB:Barbados,BRN:Brunei,BTN:Bhutan,BVT:Bouvet Island,BWA:Botswana,CA-01:Canada - Atlantic,CA-02:Canada - Prairies,CA-03:Canada - Territories,CA-BC:British Columbia,CA-ON:Ontario,CA-QC:Quebec,CAF:Central African Republic,CCK:Cocos Islands,CHE:Switzerland,CHL:Chile,CIV:Ivory Coast,CMR:Cameroon,CN-01:Mainland China - Northeast,CN-02:Mainland China - North,CN-03:Mainland China - East,CN-04:Mainland China - South Central,CN-05:Mainland China - Northwest,CN-06:Mainland China - Southwest,COD:DR Congo,COG:Congo,COK:Cook Islands,COL:Colombia,COM:Comoros,CPV:Cabo Verde,CRI:Costa Rica,CUB:Cuba,CUW:Curacao,CXR:Christmas Island,CYM:Cayman Islands,CYP:Cyprus,CZE:Czechia,DEU:Germany,DJI:Djibouti,DMA:Dominica,DNK:Denmark,DOM:Dominican Republic,DZA:Algeria,ECU:Ecuador,EGY:Egypt,ERI:Eritrea,ESH:Western Sahara,ESP:Spain,EST:Estonia,ETH:Ethiopia,FIN:Finland,FJI:Fiji,FLK:Falkland Islands,FRA:France,FRO:Faroe Islands,FSM:Micronesia,GAB:Gabon,GBR:United Kingdom,GEO:Georgia,GGY:Guernsey,GHA:Ghana,GIB:Gibraltar,GIN:Guinea,GLP:Guadeloupe,GMB:Gambia,GNB:Guinea-Bissau,GNQ:Equatorial Guinea,GRC:Greece,GRD:Grenada,GRL:Greenland,GTM:Guatemala,GUF:French Guiana,GUM:Guam,GUY:Guyana,HKG:Hong Kong,HMD:Heard Island and McDonald Islands,HND:Honduras,HRV:Croatia,HTI:Haiti,HUN:Hungary,IDN:Indonesia,IMN:Isle of Man,IND:India,IOT:British Indian Ocean Territory,IRL:Ireland,IRN:Iran,IRQ:Iraq,ISL:Iceland,ISR:Israel,ITA:Italy,JAM:Jamaica,JEY:Jersey,JOR:Jordan,JPN:Japan,KAZ:Kazakhstan,KEN:Kenya,KGZ:Kyrgyzstan,KHM:Cambodia,KIR:Kiribati,KNA:Saint Kitts and Nevis,KOR:South Korea,KWT:Kuwait,LAO:Laos,LBN:Lebanon,LBR:Liberia,LBY:Libya,LCA:Saint Lucia,LIE:Liechtenstein,LKA:Sri Lanka,LSO:Lesotho,LTU:Lithuania,LUX:Luxembourg,LVA:Latvia,MAC:Macao,MAF:Saint Martin,MAR:Morocco,MCO:Monaco,MDA:Moldova,MDG:Madagascar,MDV:Maldives,MEX:Mexico,MHL:Marshall Islands,MKD:North Macedonia,MLI:Mali,MLT:Malta,MMR:Myanmar,MNE:Montenegro,MNG:Mongolia,MNP:Northern Mariana Islands,MOZ:Mozambique,MRT:Mauritania,MSR:Montserrat,MTQ:Martinique,MUS:Mauritius,MWI:Malawi,MYS:Malaysia,MYT:Mayotte,NAM:Namibia,NCL:New Caledonia,NER:Niger,NFK:Norfolk Island,NGA:Nigeria,NIC:Nicaragua,NIU:Niue,NLD:Netherlands,NOR:Norway,NPL:Nepal,NZL:New Zealand,OMN:Oman,PAK:Pakistan,PAN:Panama,PCN:Pitcairn Islands,PER:Peru,PHL:Philippines,PLW:Palau,PNG:Papua New Guinea,POL:Poland,PRI:Puerto Rico,PRK:North Korea,PRT:Portugal,PRY:Paraguay,PSE:Palestine,PYF:French Polynesia,QAT:Qatar,REU:Reunion,ROU:Romania,RU-01:Russia - North Caucasian,RU-02:Russia - Southern,RU-03:Russia - Central,RU-04:Russia - Northwestern,RU-05:Russia - Volga,RU-06:Russia - Ural,RU-07:Russia - Siberian,RU-08:Russia - Far Eastern,RU-KG:Kaliningrad,RWA:Rwanda,SAU:Saudi Arabia,SDN:Sudan,SEN:Senegal,SGP:Singapore,SGS:South Georgia and the South Sandwich Islands,"SHN:Saint Helena, Ascension and Tristan da Cunha",SJM:Svalbard and Jan Mayen,SLB:Solomon Islands,SLE:Sierra Leone,SLV:El Salvador,SMR:San Marino,SOM:Somalia,SPM:Saint Pierre and Miquelon,SRB:Serbia,SSD:South Sudan,STP:Sao Tome and Principe,SUR:Suriname,SVK:Slovakia,SVN:Slovenia,SWE:Sweden,SWZ:Eswatini,SXM:Sint Maarten,SYC:Seychelles,SYR:Syria,TCA:Turks and Caicos Islands,TCD:Chad,TGO:Togo,THA:Thailand,TJK:Tajikistan,TKL:Tokelau,TKM:Turkmenistan,TLS:Timor-Leste,TON:Tonga,TTO:Trinidad and Tobago,TUN:Tunisia,TUR:Turkey,TUV:Tuvalu,TWN:Taiwan,TZA:Tanzania,UGA:Uganda,UKR:Ukraine,UMI:US Minor Outlying Islands,URY:Uruguay,US-01:Contiguous USA - Northeast,US-02:Contiguous USA - Upper Midwest,US-03:Contiguous USA - Ohio Valley,US-04:Contiguous USA - Southeast,US-05:Contiguous USA - Northern Rockies and Plains,US-06:Contiguous USA - South,US-07:Contiguous USA - Southwest,US-08:Contiguous USA - Northwest,US-09:Contiguous USA - West,US-AK:Alaska,US-HI:Hawaii,UZB:Uzbekistan,VCT:Saint Vincent and the Grenadines,VEN:Venezuela,VGB:British Virgin Islands,VIR:US Virgin Islands,VNM:Vietnam,VUT:Vanuatu,WLF:Wallis and Futuna,WSM:Samoa,XAB:Abyei,XAC:Aksai Chin,XAD:Akrotiri and Dhekelia,XAL:Armistice Green Line,XAP:Arunachal Pradesh,XBT:Bir Tawil,XCS:Caspian Sea,XGK:Greater Kashmir,XGL:Great Lakes,XHT:Halaib Triangle,XHV:Disputed Himalayan Valleys,XIT:Ilemi Triangle,XKI:Kuril Islands,XKO:Kosovo,XPI:Paracel Islands,XSC:Scattered Islands in the Indian Ocean,XSI:Spratly Islands,XSK:Senkaku Islands,XSS:Scarborough Shoal,YEM:Yemen,ZAF:South Africa,ZMB:Zambia,ZWE:Zimbabwe
Resolution_0p25deg,XXX:Rest of the World,ABW:Aruba,AFG:Afghanistan,AGO:Angola,AIA:Anguilla,ALA:Aland,ALB:Albania,AND:Andorra,ARE:United Arab Emirates,ARG:Argentina,ARM:Armenia,ASM:American Samoa,ATA:Antarctica,ATF:French Southern Territories,ATG:Antigua and Barbuda,AU-01:Australia - North East,AU-02:Australia - Central East,AU-03:Australia - South East,AU-WA:Western Australia,AUT:Austria,AZE:Azerbaijan,BDI:Burundi,BEL:Belgium,BEN:Benin,"BES:Bonaire, Sint Eustatius and Saba",BFA:Burkina Faso,BGD:Bangladesh,BGR:Bulgaria,BHR:Bahrain,BHS:Bahamas,BIH:Bosnia and Herzegovina,BLR:Belarus,BLZ:Belize,BMU:Bermuda,BOL:Bolivia,BR-01:Brazil - North,BR-02:Brazil - Northeast,BR-03:Brazil - Central West,BR-04:Brazil - Southeast,BR-05:Brazil - South,BRB:Barbados,BRN:Brunei,BTN:Bhutan,BWA:Botswana,CA-01:Canada - Atlantic,CA-02:Canada - Prairies,CA-03:Canada - Territories,CA-BC:British Columbia,CA-ON:Ontario,CA-QC:Quebec,CAF:Central African Republic,CCK:Cocos Islands,CHE:Switzerland,CHL:Chile,CIV:Ivory Coast,CMR:Cameroon,CN-01:Mainland China - Northeast,CN-02:Mainland China - North,CN-03:Mainland China - East,CN-04:Mainland China - South Central,CN-05:Mainland China - Northwest,CN-06:Mainland China - Southwest,COD:DR Congo,COG:Congo,COK:Cook Islands,COL:Colombia,COM:Comoros,CPV:Cabo Verde,CRI:Costa Rica,CUB:Cuba,CUW:Curacao,CXR:Christmas Island,CYM:Cayman Islands,CYP:Cyprus,CZE:Czechia,DEU:Germany,DJI:Djibouti,DMA:Dominica,DNK:Denmark,DOM:Dominican Republic,DZA:Algeria,ECU:Ecuador,EGY:Egypt,ERI:Eritrea,ESH:Western Sahara,ESP:Spain,EST:Estonia,ETH:Ethiopia,FIN:Finland,FJI:Fiji,FLK:Falkland Islands,FRA:France,FRO:Faroe Islands,FSM:Micronesia,GAB:Gabon,GBR:United Kingdom,GEO:Georgia,GGY:Guernsey,GHA:Ghana,GIN:Guinea,GLP:Guadeloupe,GMB:Gambia,GNB:Guinea-Bissau,GNQ:Equatorial Guinea,GRC:Greece,GRD:Grenada,GRL:Greenland,GTM:Guatemala,GUF:French Guiana,GUM:Guam,GUY:Guyana,HKG:Hong Kong,HMD:Heard Island and McDonald Islands,HND:Honduras,HRV:Croatia,HTI:Haiti,HUN:Hungary,IDN:Indonesia,IMN:Isle of Man,IND:India,IOT:British Indian Ocean Territory,IRL:Ireland,IRN:Iran,IRQ:Iraq,ISL:Iceland,ISR:Israel,ITA:Italy,JAM:Jamaica,JEY:Jersey,JOR:Jordan,JPN:Japan,KAZ:Kazakhstan,KEN:Kenya,KGZ:Kyrgyzstan,KHM:Cambodia,KIR:Kiribati,KNA:Saint Kitts and Nevis,KOR:South Korea,KWT:Kuwait,LAO:Laos,LBN:Lebanon,LBR:Liberia,LBY:Libya,LCA:Saint Lucia,LIE:Liechtenstein,LKA:Sri Lanka,LSO:Lesotho,LTU:Lithuania,LUX:Luxembourg,LVA:Latvia,MAF:Saint Martin,MAR:Morocco,MCO:Monaco,MDA:Moldova,MDG:Madagascar,MDV:Maldives,MEX:Mexico,MHL:Marshall Islands,MKD:North Macedonia,MLI:Mali,MLT:Malta,MMR:Myanmar,MNE:Montenegro,MNG:Mongolia,MNP:Northern Mariana Islands,MOZ:Mozambique,MRT:Mauritania,MSR:Montserrat,MTQ:Martinique,MUS:Mauritius,MWI:Malawi,MYS:Malaysia,MYT:Mayotte,NAM:Namibia,NCL:New Caledonia,NER:Niger,NFK:Norfolk Island,NGA:Nigeria,NIC:Nicaragua,NIU:Niue,NLD:Netherlands,NOR:Norway,NPL:Nepal,NZL:New Zealand,OMN:Oman,PAK:Pakistan,PAN:Panama,PCN:Pitcairn Islands,PER:Peru,PHL:Philippines,PLW:Palau,PNG:Papua New Guinea,POL:Poland,PRI:Puerto Rico,PRK:North Korea,PRT:Portugal,PRY:Paraguay,PSE:Palestine,PYF:French Polynesia,QAT:Qatar,REU:Reunion,ROU:Romania,RU-01:Russia - North Caucasian,RU-02:Russia - Southern,RU-03:Russia - Central,RU-04:Russia - Northwestern,RU-05:Russia - Volga,RU-06:Russia - Ural,RU-07:Russia - Siberian,RU-08:Russia - Far Eastern,RU-KG:Kaliningrad,RWA:Rwanda,SAU:Saudi Arabia,SDN:Sudan,SEN:Senegal,SGP:Singapore,SGS:South Georgia and the South Sandwich Islands,"SHN:Saint Helena, Ascension and Tristan da Cunha",SJM:Svalbard and Jan Mayen,SLB:Solomon Islands,SLE:Sierra Leone,SLV:El Salvador,SMR:San Marino,SOM:Somalia,SPM:Saint Pierre and Miquelon,SRB:Serbia,SSD:South Sudan,STP:Sao Tome and Principe,SUR:Suriname,SVK:Slovakia,SVN:Slovenia,SWE:Sweden,SWZ:Eswatini,SYC:Seychelles,SYR:Syria,TCA:Turks and Caicos Islands,TCD:Chad,TGO:Togo,THA:Thailand,TJK:Tajikistan,TKL:Tokelau,TKM:Turkmenistan,TLS:Timor-Leste,TON:Tonga,TTO:Trinidad and Tobago,TUN:Tunisia,TUR:Turkey,TUV:Tuvalu,TWN:Taiwan,TZA:Tanzania,UGA:Uganda,UKR:Ukraine,UMI:US Minor Outlying Islands,URY:Uruguay,US-01:Contiguous USA - Northeast,US-02:Contiguous USA - Upper Midwest,US-03:Contiguous USA - Ohio Valley,US-04:Contiguous USA - Southeast,US-05:Contiguous USA - Northern Rockies and Plains,US-06:Contiguous USA - South,US-07:Contiguous USA - Southwest,US-08:Contiguous USA - Northwest,US-09:Contiguous USA - West,US-AK:Alaska,US-HI:Hawaii,UZB:Uzbekistan,VCT:Saint Vincent and the Grenadines,VEN:Venezuela,VGB:British Virgin Islands,VIR:US Virgin Islands,VNM:Vietnam,VUT:Vanuatu,WLF:Wallis and Futuna,WSM:Samoa,XAB:Abyei,XAC:Aksai Chin,XAD:Akrotiri and Dhekelia,XAL:Armistice Green Line,XAP:Arunachal Pradesh,XBT:Bir Tawil,XCS:Caspian Sea,XGK:Greater Kashmir,XGL:Great Lakes,XHT:Halaib Triangle,XHV:Disputed Himalayan Valleys,XIT:Ilemi Triangle,XKI:Kuril Islands,XKO:Kosovo,XPI:Paracel Islands,XSC:Scattered Islands in the Indian Ocean,XSI:Spratly Islands,XSK:Senkaku Islands,XSS:Scarborough Shoal,YEM:Yemen,ZAF:South Africa,ZMB:Zambia,ZWE:Zimbabwe
Resolution_0p5deg,XXX:Rest of the World,ABW:Aruba,AFG:Afghanistan,AGO:Angola,AIA:Anguilla,ALA:Aland,ALB:Albania,AND:Andorra,ARE:United Arab Emirates,ARG:Argentina,ARM:Armenia,ASM:American Samoa,ATA:Antarctica,ATF:French Southern Territories,ATG:Antigua and Barbuda,AU-01:Australia - North East,AU-02:Australia - Central East,AU-03:Australia - South East,AU-WA:Western Australia,AUT:Austria,AZE:Azerbaijan,BDI:Burundi,BEL:Belgium,BEN:Benin,"BES:Bonaire, Sint Eustatius and Saba",BFA:Burkina Faso,BGD:Bangladesh,BGR:Bulgaria,BHR:Bahrain,BHS:Bahamas,BIH:Bosnia and Herzegovina,BLR:Belarus,BLZ:Belize,BOL:Bolivia,BR-01:Brazil - North,BR-02:Brazil - Northeast,BR-03:Brazil - Central West,BR-04:Brazil - Southeast,BR-05:Brazil - South,BRB:Barbados,BRN:Brunei,BTN:Bhutan,BWA:Botswana,CA-01:Canada - Atlantic,CA-02:Canada - Prairies,CA-03:Canada - Territories,CA-BC:British Columbia,CA-ON:Ontario,CA-QC:Quebec,CAF:Central African Republic,CCK:Cocos Islands,CHE:Switzerland,CHL:Chile,CIV:Ivory Coast,CMR:Cameroon,CN-01:Mainland China - Northeast,CN-02:Mainland China - North,CN-03:Mainland China - East,CN-04:Mainland China - South Central,CN-05:Mainland China - Northwest,CN-06:Mainland China - Southwest,COD:DR Congo,COG:Congo,COK:Cook Islands,COL:Colombia,COM:Comoros,CPV:Cabo Verde,CRI:Costa Rica,CUB:Cuba,CUW:Curacao,CXR:Christmas Island,CYM:Cayman Islands,CYP:Cyprus,CZE:Czechia,DEU:Germany,DJI:Djibouti,DMA:Dominica,DNK:Denmark,DOM:Dominican Republic,DZA:Algeria,ECU:Ecuador,EGY:Egypt,ERI:Eritrea,ESH:Western Sahara,ESP:Spain,EST:Estonia,ETH:Ethiopia,FIN:Finland,FJI:Fiji,FLK:Falkland Islands,FRA:France,FRO:Faroe Islands,FSM:Micronesia,GAB:Gabon,GBR:United Kingdom,GEO:Georgia,GGY:Guernsey,GHA:Ghana,GIN:Guinea,GLP:Guadeloupe,GMB:Gambia,GNB:Guinea-Bissau,GNQ:Equatorial Guinea,GRC:Greece,GRD:Grenada,GRL:Greenland,GTM:Guatemala,GUF:French Guiana,GUM:Guam,GUY:Guyana,HKG:Hong Kong,HMD:Heard Island and McDonald Islands,HND:Honduras,HRV:Croatia,HTI:Haiti,HUN:Hungary,IDN:Indonesia,IMN:Isle of Man,IND:India,IOT:British Indian Ocean Territory,IRL:Ireland,IRN:Iran,IRQ:Iraq,ISL:Iceland,ISR:Israel,ITA:Italy,JAM:Jamaica,JOR:Jordan,JPN:Japan,KAZ:Kazakhstan,KEN:Kenya,KGZ:Kyrgyzstan,KHM:Cambodia,KIR:Kiribati,KOR:South Korea,KWT:Kuwait,LAO:Laos,LBN:Lebanon,LBR:Liberia,LBY:Libya,LCA:Saint Lucia,LIE:Liechtenstein,LKA:Sri Lanka,LSO:Lesotho,LTU:Lithuania,LUX:Luxembourg,LVA:Latvia,MAF:Saint Martin,MAR:Morocco,MDA:Moldova,MDG:Madagascar,MDV:Maldives,MEX:Mexico,MHL:Marshall Islands,MKD:North Macedonia,MLI:Mali,MLT:Malta,MMR:Myanmar,MNE:Montenegro,MNG:Mongolia,MNP:Northern Mariana Islands,MOZ:Mozambique,MRT:Mauritania,MTQ:Martinique,MUS:Mauritius,MWI:Malawi,MYS:Malaysia,MYT:Mayotte,NAM:Namibia,NCL:New Caledonia,NER:Niger,NFK:Norfolk Island,NGA:Nigeria,NIC:Nicaragua,NIU:Niue,NLD:Netherlands,NOR:Norway,NPL:Nepal,NZL:New Zealand,OMN:Oman,PAK:Pakistan,PAN:Panama,PCN:Pitcairn Islands,PER:Peru,PHL:Philippines,PLW:Palau,PNG:Papua New Guinea,POL:Poland,PRI:Puerto Rico,PRK:North Korea,PRT:Portugal,PRY:Paraguay,PSE:Palestine,PYF:French Polynesia,QAT:Qatar,REU:Reunion,ROU:Romania,RU-01:Russia - North Caucasian,RU-02:Russia - Southern,RU-03:Russia - Central,RU-04:Russia - Northwestern,RU-05:Russia - Volga,RU-06:Russia - Ural,RU-07:Russia - Siberian,RU-08:Russia - Far Eastern,RU-KG:Kaliningrad,RWA:Rwanda,SAU:Saudi Arabia,SDN:Sudan,SEN:Senegal,SGP:Singapore,SGS:South Georgia and the South Sandwich Islands,"SHN:Saint Helena, Ascension and Tristan da Cunha",SJM:Svalbard and Jan Mayen,SLB:Solomon Islands,SLE:Sierra Leone,SLV:El Salvador,SMR:San Marino,SOM:Somalia,SPM:Saint Pierre and Miquelon,SRB:Serbia,SSD:South Sudan,STP:Sao Tome and Principe,SUR:Suriname,SVK:Slovakia,SVN:Slovenia,SWE:Sweden,SWZ:Eswatini,SYC:Seychelles,SYR:Syria,TCA:Turks and Caicos Islands,TCD:Chad,TGO:Togo,THA:Thailand,TJK:Tajikistan,TKL:Tokelau,TKM:Turkmenistan,TLS:Timor-Leste,TON:Tonga,TTO:Trinidad and Tobago,TUN:Tunisia,TUR:Turkey,TUV:Tuvalu,TWN:Taiwan,TZA:Tanzania,UGA:Uganda,UKR:Ukraine,UMI:US Minor Outlying Islands,URY:Uruguay,US-01:Contiguous USA - Northeast,US-02:Contiguous USA - Upper Midwest,US-03:Contiguous USA - Ohio Valley,US-04:Contiguous USA - Southeast,US-05:Contiguous USA - Northern Rockies and Plains,US-06:Contiguous USA - South,US-07:Contiguous USA - Southwest,US-08:Contiguous USA - Northwest,US-09:Contiguous USA - West,US-AK:Alaska,US-HI:Hawaii,UZB:Uzbekistan,VCT:Saint Vincent and the Grenadines,VEN:Venezuela,VGB:British Virgin Islands,VIR:US Virgin Islands,VNM:Vietnam,VUT:Vanuatu,WLF:Wallis and Futuna,WSM:Samoa,XAB:Abyei,XAC:Aksai Chin,XAD:Akrotiri and Dhekelia,XAL:Armistice Green Line,XAP:Arunachal Pradesh,XBT:Bir Tawil,XCS:Caspian Sea,XGK:Greater Kashmir,XGL:Great Lakes,XHT:Halaib Triangle,XHV:Disputed Himalayan Valleys,XIT:Ilemi Triangle,XKI:Kuril Islands,XKO:Kosovo,XPI:Paracel Islands,XSC:Scattered Islands in the Indian Ocean,XSI:Spratly Islands,XSK:Senkaku Islands,YEM:Yemen,ZAF:South Africa,ZMB:Zambia,ZWE:Zimbabwe
Resolution_1deg,XXX:Rest of the World,ABW:Aruba,AFG:Afghanistan,AGO:Angola,AIA:Anguilla,ALA:Aland,ALB:Albania,ARE:United Arab Emirates,ARG:Argentina,ARM:Armenia,ASM:American Samoa,ATA:Antarctica,ATF:French Southern Territories,ATG:Antigua and Barbuda,AU-01:Australia - North East,AU-02:Australia - Central East,AU-03:Australia - South East,AU-WA:Western Australia,AUT:Austria,AZE:Azerbaijan,BDI:Burundi,BEL:Belgium,BEN:Benin,"BES:Bonaire, Sint Eustatius and Saba",BFA:Burkina Faso,BGD:Bangladesh,BGR:Bulgaria,BHR:Bahrain,BHS:Bahamas,BIH:Bosnia and Herzegovina,BLR:Belarus,BLZ:Belize,BOL:Bolivia,BR-01:Brazil - North,BR-02:Brazil - Northeast,BR-03:Brazil - Central West,BR-04:Brazil - Southeast,BR-05:Brazil - South,BRN:Brunei,BTN:Bhutan,BWA:Botswana,CA-01:Canada - Atlantic,CA-02:Canada - Prairies,CA-03:Canada - Territories,CA-BC:British Columbia,CA-ON:Ontario,CA-QC:Quebec,CAF:Central African Republic,CCK:Cocos Islands,CHE:Switzerland,CHL:Chile,CIV:Ivory Coast,CMR:Cameroon,CN-01:Mainland China - Northeast,CN-02:Mainland China - North,CN-03:Mainland China - East,CN-04:Mainland China - South Central,CN-05:Mainland China - Northwest,CN-06:Mainland China - Southwest,COD:DR Congo,COG:Congo,COK:Cook Islands,COL:Colombia,COM:Comoros,CPV:Cabo Verde,CRI:Costa Rica,CUB:Cuba,CUW:Curacao,CYM:Cayman Islands,CYP:Cyprus,CZE:Czechia,DEU:Germany,DJI:Djibouti,DNK:Denmark,DOM:Dominican Republic,DZA:Algeria,ECU:Ecuador,EGY:Egypt,ERI:Eritrea,ESH:Western Sahara,ESP:Spain,EST:Estonia,ETH:Ethiopia,FIN:Finland,FJI:Fiji,FLK:Falkland Islands,FRA:France,FRO:Faroe Islands,FSM:Micronesia,GAB:Gabon,GBR:United Kingdom,GEO:Georgia,GHA:Ghana,GIN:Guinea,GLP:Guadeloupe,GMB:Gambia,GNB:Guinea-Bissau,GNQ:Equatorial Guinea,GRC:Greece,GRD:Grenada,GRL:Greenland,GTM:Guatemala,GUF:French Guiana,GUY:Guyana,HKG:Hong Kong,HMD:Heard Island and McDonald Islands,HND:Honduras,HRV:Croatia,HTI:Haiti,HUN:Hungary,IDN:Indonesia,IND:India,IOT:British Indian Ocean Territory,IRL:Ireland,IRN:Iran,IRQ:Iraq,ISL:Iceland,ISR:Israel,ITA:Italy,JAM:Jamaica,JOR:Jordan,JPN:Japan,KAZ:Kazakhstan,KEN:Kenya,KGZ:Kyrgyzstan,KHM:Cambodia,KIR:Kiribati,KOR:South Korea,KWT:Kuwait,LAO:Laos,LBN:Lebanon,LBR:Liberia,LBY:Libya,LCA:Saint Lucia,LKA:Sri Lanka,LSO:Lesotho,LTU:Lithuania,LUX:Luxembourg,LVA:Latvia,MAF:Saint Martin,MAR:Morocco,MDA:Moldova,MDG:Madagascar,MDV:Maldives,MEX:Mexico,MHL:Marshall Islands,MKD:North Macedonia,MLI:Mali,MLT:Malta,MMR:Myanmar,MNE:Montenegro,MNG:Mongolia,MNP:Northern Mariana Islands,MOZ:Mozambique,MRT:Mauritania,MTQ:Martinique,MUS:Mauritius,MWI:Malawi,MYS:Malaysia,MYT:Mayotte,NAM:Namibia,NCL:New Caledonia,NER:Niger,NFK:Norfolk Island,NGA:Nigeria,NIC:Nicaragua,NIU:Niue,NLD:Netherlands,NOR:Norway,NPL:Nepal,NZL:New Zealand,OMN:Oman,PAK:Pakistan,PAN:Panama,PCN:Pitcairn Islands,PER:Peru,PHL:Philippines,PLW:Palau,PNG:Papua New Guinea,POL:Poland,PRI:Puerto Rico,PRK:North Korea,PRT:Portugal,PRY:Paraguay,PSE:Palestine,PYF:French Polynesia,QAT:Qatar,REU:Reunion,ROU:Romania,RU-01:Russia - North Caucasian,RU-02:Russia - Southern,RU-03:Russia - Central,RU-04:Russia - Northwestern,RU-05:Russia - Volga,RU-06:Russia - Ural,RU-07:Russia - Siberian,RU-08:Russia - Far Eastern,RU-KG:Kaliningrad,RWA:Rwanda,SAU:Saudi Arabia,SDN:Sudan,SEN:Senegal,SGP:Singapore,SGS:South Georgia and the South Sandwich Islands,"SHN:Saint Helena, Ascension and Tristan da Cunha",SJM:Svalbard and Jan Mayen,SLB:Solomon Islands,SLE:Sierra Leone,SLV:El Salvador,SOM:Somalia,SPM:Saint Pierre and Miquelon,SRB:Serbia,SSD:South Sudan,STP:Sao Tome and Principe,SUR:Suriname,SVK:Slovakia,SVN:Slovenia,SWE:Sweden,SWZ:Eswatini,SYC:Seychelles,SYR:Syria,TCA:Turks and Caicos Islands,TCD:Chad,TGO:Togo,THA:Thailand,TJK:Tajikistan,TKL:Tokelau,TKM:Turkmenistan,TLS:Timor-Leste,TON:Tonga,TTO:Trinidad and Tobago,TUN:Tunisia,TUR:Turkey,TUV:Tuvalu,TWN:Taiwan,TZA:Tanzania,UGA:Uganda,UKR:Ukraine,UMI:US Minor Outlying Islands,URY:Uruguay,US-01:Contiguous USA - Northeast,US-02:Contiguous USA - Upper Midwest,US-03:Contiguous USA - Ohio Valley,US-04:Contiguous USA - Southeast,US-05:Contiguous USA - Northern Rockies and Plains,US-06:Contiguous USA - South,US-07:Contiguous USA - Southwest,US-08:Contiguous USA - Northwest,US-09:Contiguous USA - West,US-AK:Alaska,US-HI:Hawaii,UZB:Uzbekistan,VCT:Saint Vincent and the Grenadines,VEN:Venezuela,VIR:US Virgin Islands,VNM:Vietnam,VUT:Vanuatu,WLF:Wallis and Futuna,WSM:Samoa,XAB:Abyei,XAC:Aksai Chin,XAD:Akrotiri and Dhekelia,XAL:Armistice Green Line,XAP:Arunachal Pradesh,XBT:Bir Tawil,XCS:Caspian Sea,XGK:Greater Kashmir,XGL:Great Lakes,XHT:Halaib Triangle,XHV:Disputed Himalayan Valleys,XIT:Ilemi Triangle,XKI:Kuril Islands,XKO:Kosovo,XPI:Paracel Islands,XSC:Scattered Islands in the Indian Ocean,XSI:Spratly Islands,YEM:Yemen,ZAF:South Africa,ZMB:Zambia,ZWE:Zimbabwe
Resolution_2deg,XXX:Rest of the World,ABW:Aruba,AFG:Afghanistan,AGO:Angola,ALA:Aland,ALB:Albania,ARE:United Arab Emirates,ARG:Argentina,ARM:Armenia,ASM:American Samoa,ATA:Antarctica,ATF:French Southern Territories,ATG:Antigua and Barbuda,AU-01:Australia - North East,AU-02:Australia - Central East,AU-03:Australia - South East,AU-WA:Western Australia,AUT:Austria,AZE:Azerbaijan,BDI:Burundi,BEL:Belgium,BEN:Benin,"BES:Bonaire, Sint Eustatius and Saba",BFA:Burkina Faso,BGD:Bangladesh,BGR:Bulgaria,BHR:Bahrain,BHS:Bahamas,BIH:Bosnia and Herzegovina,BLR:Belarus,BLZ:Belize,BOL:Bolivia,BR-01:Brazil - North,BR-02:Brazil - Northeast,BR-03:Brazil - Central West,BR-04:Brazil - Southeast,BR-05:Brazil - South,BTN:Bhutan,BWA:Botswana,CA-01:Canada - Atlantic,CA-02:Canada - Prairies,CA-03:Canada - Territories,CA-BC:British Columbia,CA-ON:Ontario,CA-QC:Quebec,CAF:Central African Republic,CCK:Cocos Islands,CHE:Switzerland,CHL:Chile,CIV:Ivory Coast,CMR:Cameroon,CN-01:Mainland China - Northeast,CN-02:Mainland China - North,CN-03:Mainland China - East,CN-04:Mainland China - South Central,CN-05:Mainland China - Northwest,CN-06:Mainland China - Southwest,COD:DR Congo,COG:Congo,COK:Cook Islands,COL:Colombia,COM:Comoros,CPV:Cabo Verde,CRI:Costa Rica,CUB:Cuba,CUW:Curacao,CYM:Cayman Islands,CYP:Cyprus,CZE:Czechia,DEU:Germany,DJI:Djibouti,DNK:Denmark,DOM:Dominican Republic,DZA:Algeria,ECU:Ecuador,EGY:Egypt,ERI:Eritrea,ESH:Western Sahara,ESP:Spain,EST:Estonia,ETH:Ethiopia,FIN:Finland,FJI:Fiji,FLK:Falkland Islands,FRA:France,FRO:Faroe Islands,FSM:Micronesia,GAB:Gabon,GBR:United Kingdom,GEO:Georgia,GHA:Ghana,GIN:Guinea,GLP:Guadeloupe,GMB:Gambia,GNB:Guinea-Bissau,GNQ:Equatorial Guinea,GRC:Greece,GRD:Grenada,GRL:Greenland,GTM:Guatemala,GUF:French Guiana,GUY:Guyana,HKG:Hong Kong,HND:Honduras,HRV:Croatia,HTI:Haiti,HUN:Hungary,IDN:Indonesia,IND:India,IOT:British Indian Ocean Territory,IRL:Ireland,IRN:Iran,IRQ:Iraq,ISL:Iceland,ISR:Israel,ITA:Italy,JAM:Jamaica,JOR:Jordan,JPN:Japan,KAZ:Kazakhstan,KEN:Kenya,KGZ:Kyrgyzstan,KHM:Cambodia,KIR:Kiribati,KOR:South Korea,KWT:Kuwait,LAO:Laos,LBN:Lebanon,LBR:Liberia,LBY:Libya,LCA:Saint Lucia,LKA:Sri Lanka,LSO:Lesotho,LTU:Lithuania,LUX:Luxembourg,LVA:Latvia,MAR:Morocco,MDA:Moldova,MDG:Madagascar,MDV:Maldives,MEX:Mexico,MHL:Marshall Islands,MKD:North Macedonia,MLI:Mali,MLT:Malta,MMR:Myanmar,MNE:Montenegro,MNG:Mongolia,MNP:Northern Mariana Islands,MOZ:Mozambique,MRT:Mauritania,MUS:Mauritius,MWI:Malawi,MYS:Malaysia,NAM:Namibia,NCL:New Caledonia,NER:Niger,NFK:Norfolk Island,NGA:Nigeria,NIC:Nicaragua,NLD:Netherlands,NOR:Norway,NPL:Nepal,NZL:New Zealand,OMN:Oman,PAK:Pakistan,PAN:Panama,PCN:Pitcairn Islands,PER:Peru,PHL:Philippines,PLW:Palau,PNG:Papua New Guinea,POL:Poland,PRI:Puerto Rico,PRK:North Korea,PRT:Portugal,PRY:Paraguay,PSE:Palestine,PYF:French Polynesia,QAT:Qatar,ROU:Romania,RU-01:Russia - North Caucasian,RU-02:Russia - Southern,RU-03:Russia - Central,RU-04:Russia - Northwestern,RU-05:Russia - Volga,RU-06:Russia - Ural,RU-07:Russia - Siberian,RU-08:Russia - Far Eastern,RU-KG:Kaliningrad,RWA:Rwanda,SAU:Saudi Arabia,SDN:Sudan,SEN:Senegal,SGP:Singapore,SGS:South Georgia and the South Sandwich Islands,"SHN:Saint Helena, Ascension and Tristan da Cunha",SJM:Svalbard and Jan Mayen,SLB:Solomon Islands,SLE:Sierra Leone,SLV:El Salvador,SOM:Somalia,SRB:Serbia,SSD:South Sudan,STP:Sao Tome and Principe,SUR:Suriname,SVK:Slovakia,SVN:Slovenia,SWE:Sweden,SWZ:Eswatini,SYC:Seychelles,SYR:Syria,TCA:Turks and Caicos Islands,TCD:Chad,TGO:Togo,THA:Thailand,TJK:Tajikistan,TKL:Tokelau,TKM:Turkmenistan,TLS:Timor-Leste,TON:Tonga,TUN:Tunisia,TUR:Turkey,TUV:Tuvalu,TWN:Taiwan,TZA:Tanzania,UGA:Uganda,UKR:Ukraine,UMI:US Minor Outlying Islands,URY:Uruguay,US-01:Contiguous USA - Northeast,US-02:Contiguous USA - Upper Midwest,US-03:Contiguous USA - Ohio Valley,US-04:Contiguous USA - Southeast,US-05:Contiguous USA - Northern Rockies and Plains,US-06:Contiguous USA - South,US-07:Contiguous USA - Southwest,US-08:Contiguous USA - Northwest,US-09:Contiguous USA - West,US-AK:Alaska,US-HI:Hawaii,UZB:Uzbekistan,VEN:Venezuela,VIR:US Virgin Islands,VNM:Vietnam,VUT:Vanuatu,WLF:Wallis and Futuna,WSM:Samoa,XAB:Abyei,XAC:Aksai Chin,XAP:Arunachal Pradesh,XBT:Bir Tawil,XCS:Caspian Sea,XGK:Greater Kashmir,XGL:Great Lakes,XHT:Halaib Triangle,XHV:Disputed Himalayan Valleys,XKI:Kuril Islands,XKO:Kosovo,XPI:Paracel Islands,XSC:Scattered Islands in the Indian Ocean,XSI:Spratly Islands,YEM:Yemen,ZAF:South Africa,ZMB:Zambia,ZWE:Zimbabwe
Resolution_2p5deg,XXX:Rest of the World,ABW:Aruba,AFG:Afghanistan,AGO:Angola,ALA:Aland,ALB:Albania,AND:Andorra,ARE:United Arab Emirates,ARG:Argentina,ARM:Armenia,ASM:American Samoa,ATA:Antarctica,ATF:French Southern Territories,ATG:Antigua and Barbuda,AU-01:Australia - North East,AU-02:Australia - Central East,AU-03:Australia - South East,AU-WA:Western Australia,AUT:Austria,AZE:Azerbaijan,BDI:Burundi,BEL:Belgium,BEN:Benin,"BES:Bonaire, Sint Eustatius and Saba",BFA:Burkina Faso,BGD:Bangladesh,BGR:Bulgaria,BHS:Bahamas,BIH:Bosnia and Herzegovina,BLR:Belarus,BLZ:Belize,BOL:Bolivia,BR-01:Brazil - North,BR-02:Brazil - Northeast,BR-03:Brazil - Central West,BR-04:Brazil - Southeast,BR-05:Brazil - South,BRN:Brunei,BTN:Bhutan,BWA:Botswana,CA-01:Canada - Atlantic,CA-02:Canada - Prairies,CA-03:Canada - Territories,CA-BC:British Columbia,CA-ON:Ontario,CA-QC:Quebec,CAF:Central African Republic,CHE:Switzerland,CHL:Chile,CIV:Ivory Coast,CMR:Cameroon,CN-01:Mainland China - Northeast,CN-02:Mainland China - North,CN-03:Mainland China - East,CN-04:Mainland China - South Central,CN-05:Mainland China - Northwest,CN-06:Mainland China - Southwest,COD:DR Congo,COG:Congo,COK:Cook Islands,COL:Colombia,CPV:Cabo Verde,CRI:Costa Rica,CUB:Cuba,CYM:Cayman Islands,CYP:Cyprus,CZE:Czechia,DEU:Germany,DJI:Djibouti,DNK:Denmark,DOM:Dominican Republic,DZA:Algeria,ECU:Ecuador,EGY:Egypt,ERI:Eritrea,ESH:Western Sahara,ESP:Spain,EST:Estonia,ETH:Ethiopia,FIN:Finland,FJI:Fiji,FLK:Falkland Islands,FRA:France,FRO:Faroe Islands,FSM:Micronesia,GAB:Gabon,GBR:United Kingdom,GEO:Georgia,GGY:Guernsey,GHA:Ghana,GIN:Guinea,GMB:Gambia,GNB:Guinea-Bissau,GNQ:Equatorial Guinea,GRC:Greece,GRD:Grenada,GRL:Greenland,GTM:Guatemala,GUF:French Guiana,GUY:Guyana,HKG:Hong Kong,HND:Honduras,HRV:Croatia,HTI:Haiti,HUN:Hungary,IDN:Indonesia,IND:India,IRL:Ireland,IRN:Iran,IRQ:Iraq,ISL:Iceland,ISR:Israel,ITA:Italy,JAM:Jamaica,JOR:Jordan,JPN:Japan,KAZ:Kazakhstan,KEN:Kenya,KGZ:Kyrgyzstan,KHM:Cambodia,KIR:Kiribati,KOR:South Korea,KWT:Kuwait,LAO:Laos,LBR:Liberia,LBY:Libya,LKA:Sri Lanka,LSO:Lesotho,LTU:Lithuania,LUX:Luxembourg,LVA:Latvia,MAR:Morocco,MDA:Moldova,MDG:Madagascar,MDV:Maldives,MEX:Mexico,MHL:Marshall Islands,MKD:North Macedonia,MLI:Mali,MMR:Myanmar,MNE:Montenegro,MNG:Mongolia,MNP:Northern Mariana Islands,MOZ:Mozambique,MRT:Mauritania,MUS:Mauritius,MWI:Malawi,MYS:Malaysia,NAM:Namibia,NCL:New Caledonia,NER:Niger,NGA:Nigeria,NIC:Nicaragua,NLD:Netherlands,NOR:Norway,NPL:Nepal,NZL:New Zealand,OMN:Oman,PAK:Pakistan,PAN:Panama,PCN:Pitcairn Islands,PER:Peru,PHL:Philippines,PLW:Palau,PNG:Papua New Guinea,POL:Poland,PRI:Puerto Rico,PRK:North Korea,PRT:Portugal,PRY:Paraguay,PSE:Palestine,PYF:French Polynesia,QAT:Qatar,ROU:Romania,RU-01:Russia - North Caucasian,RU-02:Russia - Southern,RU-03:Russia - Central,RU-04:Russia - Northwestern,RU-05:Russia - Volga,RU-06:Russia - Ural,RU-07:Russia - Siberian,RU-08:Russia - Far Eastern,RU-KG:Kaliningrad,RWA:Rwanda,SAU:Saudi Arabia,SDN:Sudan,SEN:Senegal,SGS:South Georgia and the South Sandwich Islands,"SHN:Saint Helena, Ascension and Tristan da Cunha",SJM:Svalbard and Jan Mayen,SLB:Solomon Islands,SLE:Sierra Leone,SLV:El Salvador,SMR:San Marino,SOM:Somalia,SRB:Serbia,SSD:South Sudan,STP:Sao Tome and Principe,SUR:Suriname,SVK:Slovakia,SVN:Slovenia,SWE:Sweden,SYC:Seychelles,SYR:Syria,TCD:Chad,TGO:Togo,THA:Thailand,TJK:Tajikistan,TKL:Tokelau,TKM:Turkmenistan,TLS:Timor-Leste,TON:Tonga,TUN:Tunisia,TUR:Turkey,TUV:Tuvalu,TWN:Taiwan,TZA:Tanzania,UGA:Uganda,UKR:Ukraine,UMI:US Minor Outlying Islands,URY:Uruguay,US-01:Contiguous USA - Northeast,US-02:Contiguous USA - Upper Midwest,US-03:Contiguous USA - Ohio Valley,US-04:Contiguous USA - Southeast,US-05:Contiguous USA - Northern Rockies and Plains,US-06:Contiguous USA - South,US-07:Contiguous USA - Southwest,US-08:Contiguous USA - Northwest,US-09:Contiguous USA - West,US-AK:Alaska,US-HI:Hawaii,UZB:Uzbekistan,VCT:Saint Vincent and the Grenadines,VEN:Venezuela,VIR:US Virgin Islands,VNM:Vietnam,VUT:Vanuatu,WLF:Wallis and Futuna,WSM:Samoa,XAB:Abyei,XAC:Aksai Chin,XAD:Akrotiri and Dhekelia,XAL:Armistice Green Line,XAP:Arunachal Pradesh,XCS:Caspian Sea,XGK:Greater Kashmir,XGL:Great Lakes,XHT:Halaib Triangle,XHV:Disputed Himalayan Valleys,XIT:Ilemi Triangle,XKI:Kuril Islands,XKO:Kosovo,XPI:Paracel Islands,XSC:Scattered Islands in the Indian Ocean,XSI:Spratly Islands,YEM:Yemen,ZAF:South Africa,ZMB:Zambia,ZWE:Zimbabwe
SREX_R26x,XXX:Rest of the Globe,ALA:Alaska & N.W. Canada,CGI:E. Canada & Greenland & Iceland,WNA:W. North America,CNA:C. North America,ENA:E. North America,CAM:Central America & Mexico,AMZ:Amazon,NEB:N.E. Brazil,WSA:W. Coast South America,SSA:S.E. South America,NEU:N. Europe,CEU:C. Europe,MED:S. Europe & Mediterranean,SAH:Sahara,WAF:W. Africa,EAF:E. Africa,SAF:S. Africa,NAS:N. Asia,WAS:W. Asia,CAS:C. Asia,TIB:Tibetan Plateau,EAS:E. Asia,SAS:S. Asia,SEA:S.E. Asia,NAU:N. Australia,SAU:S. Australia & New Zealand
